Label,Trial_ID,Time,S0,S1,S2,S3,S4
ruler,1,0.0,4911904.09,5275522.24,10599016.41,11774160.19,13352863.08
ruler,1,0.05,4904838.71,5282549.63,10539949.34,11773482.64,13337579.4
ruler,1,0.1,4907740.01,5310108.41,10534961.99,11832683.01,13280323.72
ruler,1,0.15,4910210.59,5310192.2,10532601.78,11847885.49,13282510.68
ruler,1,0.2,4934677.41,5280168.96,10537183.09,11845057.26,13275610.64
ruler,1,0.25,4937930.85,5310719.5,10535856.18,11763577.59,13343570.14
ruler,1,0.3,4938028.06,5282712.2,10542373.69,11778670.36,13273979.01
ruler,1,0.35,4913125.22,5312897.85,10596817.0,11834069.81,13360861.71
ruler,1,0.4,4935636.74,5282542.66,10543907.2,11835459.84,13341659.79
ruler,1,0.45,4940790.61,5308611.87,10596553.26,11761738.02,13363074.51
ruler,1,0.5,4912260.29,5279542.22,10608896.81,11775417.08,13348891.98
ruler,1,0.55,4907615.1,5310010.98,10603885.11,11773246.62,13281253.87
ruler,1,0.6,4935357.28,5284002.22,10600958.79,11763364.63,13257543.99
ruler,1,0.65,4939008.09,5309408.86,10543892.12,11846754.94,13264873.88
ruler,1,0.7,4940269.37,5281452.26,10535966.04,11848015.16,13274045.54
ruler,1,0.75,4934285.79,5309930.86,10590492.35,11843436.07,13356408.65
ruler,1,0.8,4906166.33,5313353.39,10591461.83,11779571.22,13278727.86
ruler,1,0.85,4941561.9,5309180.03,10534064.04,11836228.83,13262033.88
ruler,1,0.9,4943160.24,5308829.66,10541944.56,11842689.91,13265132.55
ruler,1,0.95,4935960.43,5273563.89,10596550.88,11772357.75,13350818.71
ruler,1,1.0,4938351.76,5281824.27,10609231.84,11773891.73,13265634.33
ruler,1,1.05,4934270.16,5313503.25,10592948.36,11832035.39,13260674.08
ruler,1,1.1,4940695.22,5306233.59,10536811.67,11833451.19,13341639.25
ruler,1,1.15,4942809.94,5310721.81,10537062.33,11759451.03,13268418.6
ruler,1,1.2,4940461.74,5310130.62,10544376.3,11849001.71,13282305.09
ruler,1,1.25,4941763.98,5312940.72,10546550.37,11778827.43,13341565.51
ruler,1,1.3,4942970.86,5312220.26,10600072.43,11847977.93,13276611.77
ruler,1,1.35,4936103.46,5312136.62,10605887.01,11837740.21,13349550.92
ruler,1,1.4,4942391.53,5283291.93,10596261.35,11762702.44,13260084.94
ruler,1,1.45,4941372.34,5277914.82,10545553.26,11760274.02,13348071.74
ruler,1,1.5,4913209.49,5315497.43,10599129.93,11767023.3,13352990.22
ruler,1,1.55,4936875.48,5279514.11,10596602.08,11762353.83,13360313.15
ruler,1,1.6,4939889.35,5315202.85,10540712.31,11775508.35,13361071.73
ruler,1,1.65,4941342.64,5275231.1,10538054.47,11832733.97,13337930.66
ruler,1,1.7,4908548.96,5282597.88,10604603.54,11760451.36,13275730.68
ruler,1,1.75,4910962.67,5305854.77,10598764.19,11760340.48,13263657.31
ruler,1,1.8,4939530.11,5282957.84,10530486.42,11773670.83,13274255.06
ruler,1,1.85,4906467.68,5309603.12,10601280.07,11765732.57,13259215.99
ruler,1,1.9,4905651.05,5310952.54,10607482.06,11776365.65,13344007.65
ruler,1,1.95,4910551.39,5280253.13,10540350.73,11845878.29,13282062.1
ruler,2,2.0,4881562.98,5338480.08,10600427.05,11835195.45,13442901.0
ruler,2,2.05,4883071.83,5334731.5,10601767.49,11818914.32,13431692.97
ruler,2,2.1,4911538.11,5335413.12,10540155.92,11840248.53,13426049.87
ruler,2,2.15,4883808.03,5340555.15,10533789.34,11829353.95,13442696.76
ruler,2,2.2,4908578.49,5334647.7,10543723.99,11830811.14,13426422.03
ruler,2,2.25,4908839.32,5337165.29,10600205.48,11888880.82,13436872.83
ruler,2,2.3,4915001.22,5302438.77,10536118.24,11823690.08,13358378.19
ruler,2,2.35,4912038.83,5304806.83,10530731.7,11825326.14,13436960.21
ruler,2,2.4,4881102.39,5341540.17,10598331.76,11898922.12,13353548.18
ruler,2,2.45,4881233.74,5309152.93,10601944.64,11816831.75,13345731.1
ruler,2,2.5,4888255.83,5309654.39,10607539.35,11910289.57,13449205.96
ruler,2,2.55,4908535.18,5337703.51,10532924.56,11831118.7,13356393.38
ruler,2,2.6,4909429.56,5305438.06,10529472.04,11825808.7,13354673.07
ruler,2,2.65,4883732.7,5335350.55,10592668.3,11818099.41,13439895.01
ruler,2,2.7,4913814.6,5338234.4,10605333.12,11894161.3,13427413.87
ruler,2,2.75,4883107.2,5309991.7,10538343.86,11833070.47,13347867.09
ruler,2,2.8,4915597.99,5332538.28,10542447.19,11900502.16,13436740.41
ruler,2,2.85,4881602.64,5307204.76,10597515.46,11889273.43,13429573.79
ruler,2,2.9,4879071.46,5305250.26,10546069.99,11838855.42,13431041.2
ruler,2,2.95,4912796.7,5302251.23,10543657.46,11910889.78,13448085.14
ruler,2,3.0,4882446.99,5335970.79,10541888.41,11829247.41,13367897.86
ruler,2,3.05,4909260.38,5336980.36,10594295.71,11899497.42,13350763.35
ruler,2,3.1,4917205.64,5301033.9,10611498.84,11829232.05,13355190.56
ruler,2,3.15,4915146.61,5336528.53,10534974.22,11903868.82,13436211.3
ruler,2,3.2,4909638.79,5307227.17,10530278.4,11825687.91,13438232.63
ruler,2,3.25,4913465.17,5335628.52,10537926.29,11900778.03,13352375.1
ruler,2,3.3,4908612.52,5336360.57,10537371.94,11821514.29,13357226.61
ruler,2,3.35,4888054.28,5337363.5,10598826.74,11890039.69,13431897.56
ruler,2,3.4,4887884.43,5310059.16,10547691.97,11896230.35,13433141.57
ruler,2,3.45,4884993.36,5335822.7,10600460.94,11893269.63,13441225.43
ruler,2,3.5,4912290.73,5335184.8,10539000.52,11822067.91,13448227.89
ruler,2,3.55,4881420.91,5301533.36,10597000.33,11892541.44,13365219.56
ruler,2,3.6,4881842.49,5337789.92,10532386.53,11830675.39,13438823.14
ruler,2,3.65,4882956.44,5301763.69,10540627.15,11831870.33,13351899.13
ruler,2,3.7,4913270.05,5308611.76,10548746.68,11829409.07,13354024.84
ruler,2,3.75,4909761.86,5309891.43,10539741.17,11836624.7,13361646.9
ruler,2,3.8,4912897.99,5338701.38,10546293.79,11909077.63,13440239.4
ruler,2,3.85,4914752.59,5338223.29,10546620.11,11817622.6,13361682.2
ruler,2,3.9,4883903.43,5307902.9,10532029.58,11826924.44,13350760.83
ruler,2,3.95,4886432.19,5337006.66,10537741.9,11904250.23,13432064.97
ruler,3,4.0,4906109.76,5317532.95,10478856.76,11746749.06,13453081.34
ruler,3,4.05,4880638.51,5278359.74,10542605.98,11745138.37,13349403.12
ruler,3,4.1,4878240.54,5314151.17,10466312.79,11753890.24,13452392.12
ruler,3,4.15,4907742.85,5286754.37,10534929.51,11742661.5,13451354.65
ruler,3,4.2,4908269.35,5317615.49,10468559.58,11756725.08,13371957.71
ruler,3,4.25,4882545.89,5314855.06,10550125.04,11814786.64,13349418.5
ruler,3,4.3,4884851.96,5309972.92,10486726.7,11818830.86,13440118.85
ruler,3,4.35,4913830.03,5309592.34,10541394.5,11758355.15,13428606.8
ruler,3,4.4,4884179.84,5318007.41,10530885.01,11823122.77,13352026.92
ruler,3,4.45,4880227.68,5308923.61,10547529.05,11762191.55,13359128.01
ruler,3,4.5,4884125.15,5313036.06,10544161.71,11821512.86,13451248.66
ruler,3,4.55,4884009.39,5316014.02,10542568.8,11744770.6,13356255.82
ruler,3,4.6,4881818.45,5310044.08,10539870.26,11760483.78,13370865.45
ruler,3,4.65,4914681.91,5278610.68,10541307.88,11740007.09,13447829.18
ruler,3,4.7,4909707.79,5284097.88,10537887.44,11818746.19,13448409.05
ruler,3,4.75,4879780.2,5316906.73,10536818.73,11829105.07,13365191.91
ruler,3,4.8,4907365.6,5280455.73,10532523.26,11755710.54,13354050.72
ruler,3,4.85,4877158.98,5309573.96,10545518.13,11741171.99,13433615.38
ruler,3,4.9,4881179.95,5319256.42,10479717.98,11762050.44,13444442.26
ruler,3,4.95,4884232.88,5315873.98,10529397.97,11747033.39,13434297.47
ruler,3,5.0,4913652.91,5309880.58,10535938.21,11829668.55,13449297.5
ruler,3,5.05,4879704.82,5313039.45,10466637.84,11753676.45,13352559.61
ruler,3,5.1,4885966.86,5284872.84,10471070.57,11825480.65,13371005.24
ruler,3,5.15,4884608.58,5316031.76,10477715.26,11746734.31,13362560.63
ruler,3,5.2,4906751.18,5309206.18,10472893.99,11761142.71,13351875.1
ruler,3,5.25,4911639.74,5311176.94,10472599.5,11820457.38,13350877.89
ruler,3,5.3,4914658.89,5282871.61,10543075.72,11827108.49,13444855.25
ruler,3,5.35,4908560.46,5310245.67,10537850.46,11821559.72,13366169.29
ruler,3,5.4,4912474.49,5318312.65,10472770.61,11817229.91,13443548.41
ruler,3,5.45,4876590.11,5316414.97,10529345.92,11749483.45,13431664.52
ruler,3,5.5,4906078.88,5279908.06,10542449.96,11744997.49,13449298.01
ruler,3,5.55,4912631.01,5313087.63,10537877.27,11753414.15,13438772.7
ruler,3,5.6,4877805.52,5312687.41,10471645.92,11814339.46,13451290.05
ruler,3,5.65,4885206.34,5281253.61,10474604.68,11758669.1,13367128.28
ruler,3,5.7,4884826.03,5284691.84,10483473.65,11831405.82,13354434.01
ruler,3,5.75,4915017.27,5281545.95,10538758.64,11760914.97,13430062.52
ruler,3,5.8,4885958.77,5311652.77,10544079.55,11821166.49,13365280.49
ruler,3,5.85,4879741.53,5284932.69,10544846.35,11754758.82,13430755.88
ruler,3,5.9,4914823.68,5314249.13,10470833.6,11821550.92,13351186.83
ruler,3,5.95,4906493.91,5311894.07,10477584.15,11753398.76,13372223.56
ruler,4,6.0,4881244.29,5302841.15,10600363.3,11897847.86,13428595.49
ruler,4,6.05,4917731.23,5302209.75,10534280.2,11836027.43,13352505.26
ruler,4,6.1,4885216.22,5335961.35,10527583.95,11912437.37,13441980.22
ruler,4,6.15,4914608.85,5336387.42,10544342.1,11897644.57,13422315.87
ruler,4,6.2,4912817.36,5307253.45,10543299.48,11915657.7,13351146.27
ruler,4,6.25,4884161.9,5301509.42,10542361.13,11917680.23,13352881.18
ruler,4,6.3,4911291.74,5306813.43,10530035.0,11840128.28,13345832.12
ruler,4,6.35,4884485.92,5302528.96,10532660.32,11832129.73,13346709.87
ruler,4,6.4,4885239.87,5304957.44,10593633.9,11840893.48,13349355.84
ruler,4,6.45,4888955.27,5332621.38,10609269.11,11912131.72,13421408.11
ruler,4,6.5,4882840.12,5336988.12,10527974.79,11847192.73,13434768.05
ruler,4,6.55,4888036.06,5306344.99,10604577.96,11897737.68,13422139.09
ruler,4,6.6,4882579.17,5305198.46,10607009.61,11906170.44,13440270.94
ruler,4,6.65,4911616.73,5332063.23,10535163.6,11833575.64,13346108.77
ruler,4,6.7,4915318.94,5303081.05,10546498.87,11901613.38,13356250.16
ruler,4,6.75,4918078.93,5301839.5,10536626.29,11906212.58,13344632.06
ruler,4,6.8,4885560.58,5305920.36,10609386.91,11837517.12,13430087.61
ruler,4,6.85,4914431.18,5339080.04,10600565.98,11842291.09,13435684.71
ruler,4,6.9,4886942.6,5335153.74,10537552.11,11836481.24,13430699.49
ruler,4,6.95,4889390.34,5307845.25,10591396.8,11901716.73,13425850.27
ruler,4,7.0,4915978.57,5306728.74,10606674.11,11842806.55,13342657.75
ruler,4,7.05,4887436.89,5338494.48,10527392.57,11836043.67,13437433.43
ruler,4,7.1,4882061.92,5310310.99,10598436.6,11834865.73,13354552.85
ruler,4,7.15,4887231.61,5334075.71,10610737.17,11897888.09,13355569.95
ruler,4,7.2,4913462.74,5339950.4,10542516.71,11840350.97,13436721.97
ruler,4,7.25,4883452.54,5340118.36,10544117.06,11905681.61,13345820.65
ruler,4,7.3,4909613.74,5300950.54,10543845.09,11911006.82,13422832.56
ruler,4,7.35,4881456.67,5305641.68,10611187.43,11901117.2,13343838.77
ruler,4,7.4,4884859.98,5303844.64,10535259.42,11907021.45,13352495.59
ruler,4,7.45,4912343.25,5309900.16,10538185.87,11830359.94,13343050.91
ruler,4,7.5,4913188.92,5308540.34,10594959.77,11831401.14,13432035.36
ruler,4,7.55,4917627.62,5302805.2,10545503.76,11826823.16,13349574.75
ruler,4,7.6,4913352.3,5342331.94,10610701.49,11915475.31,13443238.21
ruler,4,7.65,4884289.66,5305224.56,10595556.63,11898241.65,13436352.52
ruler,4,7.7,4886733.3,5335616.35,10599010.84,11910050.59,13443044.92
ruler,4,7.75,4912475.63,5302603.75,10599769.17,11841225.88,13443525.91
ruler,4,7.8,4915256.7,5338689.72,10603471.41,11843889.43,13351987.16
ruler,4,7.85,4909291.52,5301283.72,10594251.91,11846951.41,13338303.89
ruler,4,7.9,4880147.6,5307990.93,10535938.5,11834271.07,13363025.02
ruler,4,7.95,4888387.11,5333776.53,10590624.61,11912222.45,13354993.87
ruler,5,8.0,4911461.16,5346804.52,10476483.45,11838939.66,13363168.93
ruler,5,8.05,4909118.38,5346682.49,10550154.47,11906017.21,13449913.96
ruler,5,8.1,4917152.74,5350958.95,10538702.69,11910901.85,13437365.54
ruler,5,8.15,4880051.38,5347904.55,10537463.99,11915542.99,13350055.56
ruler,5,8.2,4882469.11,5350241.72,10481859.43,11844891.6,13366167.26
ruler,5,8.25,4881313.26,5346327.6,10543961.82,11847941.27,13434890.51
ruler,5,8.3,4879867.67,5314481.8,10537379.41,11923078.22,13441680.36
ruler,5,8.35,4911868.07,5318752.29,10473045.94,11830871.2,13444990.6
ruler,5,8.4,4910253.36,5318603.08,10551175.13,11834742.78,13364288.87
ruler,5,8.45,4879681.46,5314673.3,10489003.81,11851078.92,13437568.35
ruler,5,8.5,4879109.68,5344415.98,10546292.43,11843824.62,13367969.9
ruler,5,8.55,4914444.6,5341149.33,10543435.43,11831828.52,13436570.09
ruler,5,8.6,4881477.94,5348885.24,10531743.11,11920794.53,13373854.7
ruler,5,8.65,4912660.23,5348870.43,10546930.01,11838339.99,13373044.39
ruler,5,8.7,4887636.15,5341073.84,10479031.2,11849561.68,13433508.14
ruler,5,8.75,4878895.75,5319030.84,10543344.1,11830730.2,13373534.47
ruler,5,8.8,4909718.99,5319075.57,10550807.02,11829058.77,13372544.21
ruler,5,8.85,4908946.11,5315231.26,10547673.5,11920887.02,13363497.15
ruler,5,8.9,4914179.03,5314767.45,10482938.6,11852431.71,13352015.38
ruler,5,8.95,4915342.2,5343155.32,10486333.37,11922022.18,13438810.82
ruler,5,9.0,4914296.21,5350725.51,10473827.32,11845425.24,13357645.76
ruler,5,9.05,4886316.04,5350184.24,10481103.44,11904464.61,13363559.65
ruler,5,9.1,4908142.09,5348334.01,10531995.58,11834988.77,13453120.03
ruler,5,9.15,4878273.19,5342051.4,10472379.09,11923100.83,13365413.32
ruler,5,9.2,4909870.21,5348938.55,10469151.62,11844000.66,13361942.99
ruler,5,9.25,4915264.48,5308739.71,10473807.93,11841055.76,13441438.96
ruler,5,9.3,4910328.1,5314484.86,10479775.95,11919559.43,13445207.06
ruler,5,9.35,4909669.17,5349690.38,10480886.02,11907820.36,13446586.78
ruler,5,9.4,4916727.54,5349073.66,10487431.32,11836335.26,13371223.57
ruler,5,9.45,4880735.58,5315641.22,10541918.24,11830204.19,13443767.64
ruler,5,9.5,4884114.53,5317839.33,10472378.36,11848158.17,13359449.16
ruler,5,9.55,4912077.99,5313667.35,10534745.25,11920223.35,13351840.77
ruler,5,9.6,4883510.35,5343277.51,10483640.92,11837014.41,13440475.78
ruler,5,9.65,4911134.0,5317419.16,10486438.0,11829061.85,13362108.69
ruler,5,9.7,4881778.09,5309766.96,10484337.37,11906055.51,13365177.29
ruler,5,9.75,4908566.88,5346051.6,10532694.47,11903760.11,13437285.59
ruler,5,9.8,4882253.9,5312680.05,10480915.94,11911417.6,13355051.85
ruler,5,9.85,4885848.13,5348105.47,10473439.88,11918529.23,13358290.32
ruler,5,9.9,4879022.45,5350499.13,10533955.04,11907265.56,13454699.12
ruler,5,9.95,4915997.8,5349533.78,10476575.6,11847924.64,13355101.01
ruler,6,10.0,4911772.66,5268006.46,10484487.34,11814531.2,13350373.41
ruler,6,10.05,4941521.72,5274110.34,10487393.53,11749664.41,13356209.79
ruler,6,10.1,4948818.57,5304360.65,10541594.92,11812076.74,13354257.16
ruler,6,10.15,4918578.31,5273758.22,10537034.75,11829679.59,13361923.35
ruler,6,10.2,4941441.21,5272691.64,10483555.99,11819699.01,13428015.19
ruler,6,10.25,4942318.77,5273388.14,10483592.93,11747704.24,13427599.68
ruler,6,10.3,4919267.01,5269953.97,10485420.8,11747800.89,13438641.72
ruler,6,10.35,4942305.93,5304108.43,10540284.74,11740052.85,13355059.31
ruler,6,10.4,4947098.26,5301849.72,10480282.87,11749464.51,13450251.98
ruler,6,10.45,4940654.14,5302959.2,10542162.53,11748732.06,13431178.23
ruler,6,10.5,4942300.72,5274861.64,10546824.76,11819456.92,13428047.08
ruler,6,10.55,4940073.37,5270018.72,10488870.91,11751397.98,13442397.16
ruler,6,10.6,4947797.92,5307614.94,10484813.36,11741425.33,13445773.22
ruler,6,10.65,4942297.75,5278006.36,10532997.06,11827482.16,13361942.97
ruler,6,10.7,4912330.1,5271058.9,10546545.13,11750781.48,13345621.79
ruler,6,10.75,4946695.49,5272377.94,10550685.01,11830410.52,13437558.66
ruler,6,10.8,4943221.92,5269061.15,10536947.92,11814686.38,13436799.89
ruler,6,10.85,4910705.28,5301674.09,10470953.07,11809066.24,13348282.11
ruler,6,10.9,4947024.67,5269892.44,10553394.63,11746196.0,13350164.42
ruler,6,10.95,4945733.42,5275762.32,10475522.77,11744985.02,13441281.65
ruler,6,11.0,4912867.09,5269687.76,10550423.11,11827607.16,13433509.02
ruler,6,11.05,4948959.96,5271801.31,10549462.82,11747263.57,13444144.7
ruler,6,11.1,4940603.39,5271204.41,10479134.21,11738962.37,13356371.77
ruler,6,11.15,4912468.05,5305890.82,10483977.76,11740992.95,13368147.13
ruler,6,11.2,4944489.66,5269792.8,10473999.27,11740073.23,13367161.04
ruler,6,11.25,4940261.38,5304492.24,10548234.83,11739565.14,13435302.77
ruler,6,11.3,4914253.05,5275319.32,10550288.34,11822524.18,13438959.28
ruler,6,11.35,4914672.76,5277328.81,10552708.5,11821333.55,13432734.57
ruler,6,11.4,4939705.74,5272275.98,10478481.68,11738051.05,13435723.12
ruler,6,11.45,4946671.46,5270727.21,10473531.61,11739061.88,13427258.73
ruler,6,11.5,4917664.1,5309107.15,10477017.92,11754277.38,13354498.78
ruler,6,11.55,4948916.32,5275404.35,10473714.45,11829249.28,13434037.96
ruler,6,11.6,4909720.5,5306753.37,10542621.16,11809975.7,13355671.42
ruler,6,11.65,4941374.37,5300209.63,10553170.72,11750656.72,13347753.1
ruler,6,11.7,4914832.02,5302898.71,10475029.2,11738373.27,13358255.35
ruler,6,11.75,4946544.31,5302897.25,10540756.44,11739423.19,13366910.5
ruler,6,11.8,4939693.19,5305685.53,10482428.55,11825140.96,13438535.61
ruler,6,11.85,4913375.03,5271234.19,10475539.53,11824539.44,13445092.24
ruler,6,11.9,4910538.03,5302811.55,10543765.38,11759218.39,13445930.85
ruler,6,11.95,4914169.49,5309028.76,10549252.71,11737564.85,13447671.66
ruler,7,12.0,4905081.98,5317302.41,10466505.2,11899286.24,13359553.47
ruler,7,12.05,4904400.44,5313161.14,10473479.58,11910810.51,13290228.04
ruler,7,12.1,4934380.01,5315959.35,10471780.01,11819803.28,13358931.76
ruler,7,12.15,4910810.43,5314224.35,10482250.66,11839086.25,13359847.14
ruler,7,12.2,4909027.73,5313429.58,10532017.24,11905882.34,13360132.89
ruler,7,12.25,4912274.54,5282802.66,10538290.91,11835558.06,13368630.65
ruler,7,12.3,4906157.95,5286585.11,10546138.99,11899597.2,13271537.27
ruler,7,12.35,4904440.46,5286180.08,10467957.63,11820775.85,13353494.0
ruler,7,12.4,4939604.2,5283519.01,10543972.61,11897141.61,13278562.25
ruler,7,12.45,4904680.1,5308870.35,10481757.22,11838325.64,13355264.36
ruler,7,12.5,4905322.41,5312287.69,10467393.51,11901704.23,13357558.57
ruler,7,12.55,4942314.43,5312426.13,10470104.1,11839293.61,13366453.11
ruler,7,12.6,4912052.84,5312691.0,10472633.7,11892570.74,13278687.31
ruler,7,12.65,4936117.94,5316006.65,10531662.94,11833010.12,13352295.73
ruler,7,12.7,4910539.94,5308615.26,10535693.85,11906447.24,13370106.49
ruler,7,12.75,4933672.89,5285455.92,10527834.56,11905087.05,13353875.8
ruler,7,12.8,4933118.76,5284658.92,10480783.33,11911448.71,13352834.99
ruler,7,12.85,4910953.1,5316138.65,10476779.11,11908008.34,13282042.47
ruler,7,12.9,4909937.11,5278552.39,10544608.15,11903343.58,13271761.17
ruler,7,12.95,4907267.26,5316696.92,10542190.46,11828821.86,13357286.87
ruler,7,13.0,4913057.29,5313143.1,10540523.11,11893201.3,13347003.03
ruler,7,13.05,4905214.52,5316399.64,10476637.07,11820726.2,13354142.47
ruler,7,13.1,4905417.45,5310747.16,10540944.17,11832649.77,13366775.78
ruler,7,13.15,4935367.72,5307942.61,10542581.13,11827527.18,13279024.33
ruler,7,13.2,4935273.25,5279904.72,10480753.27,11894405.04,13288690.71
ruler,7,13.25,4933822.84,5317166.63,10470072.63,11895232.68,13359785.15
ruler,7,13.3,4911571.56,5285005.8,10530675.74,11827449.03,13273381.11
ruler,7,13.35,4905345.74,5280199.8,10474585.84,11889965.29,13357774.38
ruler,7,13.4,4904575.51,5313362.42,10484231.38,11833469.66,13347373.31
ruler,7,13.45,4907586.86,5312609.62,10543381.07,11820663.19,13360093.18
ruler,7,13.5,4907251.15,5316720.76,10534726.49,11899709.43,13270551.48
ruler,7,13.55,4933865.02,5312842.06,10529830.64,11903170.88,13368005.37
ruler,7,13.6,4940922.01,5314449.49,10535673.73,11827936.24,13365364.18
ruler,7,13.65,4909802.1,5284286.84,10536647.2,11902054.69,13284718.17
ruler,7,13.7,4911073.28,5280754.28,10542198.36,11824152.52,13349843.16
ruler,7,13.75,4934123.66,5279509.09,10542949.41,11837080.51,13267760.24
ruler,7,13.8,4907863.16,5285494.02,10482238.24,11839648.89,13351765.78
ruler,7,13.85,4904993.71,5282810.99,10545079.05,11902919.94,13268334.33
ruler,7,13.9,4905772.06,5311957.94,10545923.64,11827533.49,13289617.27
ruler,7,13.95,4907835.2,5280841.46,10538440.27,11901587.99,13360728.25
ruler,8,14.0,4881251.14,5316570.26,10531474.74,11766244.71,13354421.14
ruler,8,14.05,4907141.89,5344371.17,10536735.32,11762043.98,13273908.43
ruler,8,14.1,4885288.41,5313251.37,10482206.16,11826568.63,13349146.57
ruler,8,14.15,4878607.15,5349697.1,10481722.48,11831891.05,13277862.69
ruler,8,14.2,4883310.32,5311543.63,10469942.99,11771069.32,13268144.01
ruler,8,14.25,4911766.13,5310504.51,10546538.82,11837719.01,13273467.66
ruler,8,14.3,4913628.51,5314536.72,10547791.64,11755949.32,13348878.15
ruler,8,14.35,4914561.77,5318533.78,10480257.51,11831768.4,13360804.94
ruler,8,14.4,4907308.87,5351650.78,10466084.67,11752725.63,13265998.23
ruler,8,14.45,4880488.5,5318051.32,10533886.86,11755441.71,13281098.31
ruler,8,14.5,4882709.75,5343416.68,10477882.96,11762143.38,13357936.38
ruler,8,14.55,4913159.55,5350360.48,10542180.34,11755750.55,13348453.88
ruler,8,14.6,4909483.21,5320079.67,10546833.09,11764633.42,13340917.02
ruler,8,14.65,4882779.73,5319072.85,10543717.86,11834920.5,13351358.03
ruler,8,14.7,4914938.39,5346862.62,10476231.52,11757658.81,13356557.72
ruler,8,14.75,4879416.05,5349031.21,10527735.8,11768773.73,13272772.8
ruler,8,14.8,4907778.37,5343138.54,10546042.45,11836368.81,13335806.54
ruler,8,14.85,4883895.12,5318638.1,10530020.73,11757166.6,13349042.85
ruler,8,14.9,4882727.68,5349547.16,10542487.87,11759137.18,13260057.08
ruler,8,14.95,4877881.36,5342048.96,10481373.49,11837845.38,13276326.76
ruler,8,15.0,4884294.01,5313175.77,10527587.14,11833156.1,13259560.06
ruler,8,15.05,4882961.79,5315062.29,10529951.68,11748446.22,13279113.05
ruler,8,15.1,4877392.08,5318094.55,10477001.09,11754229.56,13264315.69
ruler,8,15.15,4881617.21,5343635.11,10468675.9,11767849.58,13342565.96
ruler,8,15.2,4877839.21,5310941.06,10538560.5,11766188.92,13277548.83
ruler,8,15.25,4916005.22,5348856.45,10527296.06,11762301.44,13340655.3
ruler,8,15.3,4913565.58,5315571.04,10531186.46,11769088.76,13348843.81
ruler,8,15.35,4885971.89,5345809.72,10467700.88,11767761.88,13255832.31
ruler,8,15.4,4879489.58,5346501.23,10474575.06,11835336.97,13345075.69
ruler,8,15.45,4907550.32,5344719.26,10544381.39,11826710.04,13346485.87
ruler,8,15.5,4882437.53,5351591.06,10474095.84,11822647.86,13257549.74
ruler,8,15.55,4912770.68,5349228.63,10531530.59,11760037.16,13271047.82
ruler,8,15.6,4913752.37,5317750.92,10483917.86,11753081.41,13278453.13
ruler,8,15.65,4913356.58,5344061.85,10473343.35,11826028.58,13270731.79
ruler,8,15.7,4884263.53,5344030.73,10467518.64,11768738.71,13353810.27
ruler,8,15.75,4915165.04,5314728.1,10477441.53,11825528.45,13358705.18
ruler,8,15.8,4882315.79,5346623.06,10469019.93,11823895.05,13356625.81
ruler,8,15.85,4908947.34,5312104.01,10467160.02,11834237.53,13274826.17
ruler,8,15.9,4882852.73,5345248.55,10541748.55,11835304.75,13351605.31
ruler,8,15.95,4879408.68,5347707.1,10535787.44,11839857.35,13274862.71
ruler,9,16.0,4884439.99,5305509.52,10616518.35,11891511.21,13260314.08
ruler,9,16.05,4907916.78,5338715.96,10608136.69,11897634.61,13352597.83
ruler,9,16.1,4910484.0,5338077.33,10539637.2,11895634.38,13277414.11
ruler,9,16.15,4908184.81,5301216.68,10544533.42,11887611.59,13275654.85
ruler,9,16.2,4914955.77,5342853.81,10609618.11,11826241.1,13270722.28
ruler,9,16.25,4907841.0,5303121.66,10620366.97,11815859.91,13348802.66
ruler,9,16.3,4882798.2,5336543.18,10548483.92,11899908.89,13273821.46
ruler,9,16.35,4881504.55,5303187.18,10612034.28,11896510.06,13278106.6
ruler,9,16.4,4884028.18,5335389.94,10553781.68,11831578.27,13270391.45
ruler,9,16.45,4880523.78,5306510.31,10616101.93,11823662.27,13341628.86
ruler,9,16.5,4912235.26,5305215.99,10541821.69,11895419.62,13345813.12
ruler,9,16.55,4908424.98,5310307.59,10602640.45,11818335.43,13359370.08
ruler,9,16.6,4910666.61,5340079.62,10614254.83,11882732.61,13346931.93
ruler,9,16.65,4909632.44,5303497.11,10557454.66,11880190.77,13354661.85
ruler,9,16.7,4886001.81,5303233.67,10558305.42,11884712.68,13354641.78
ruler,9,16.75,4879380.05,5308546.36,10538723.61,11830425.62,13337252.36
ruler,9,16.8,4913296.85,5342855.65,10538207.4,11830926.21,13341226.36
ruler,9,16.85,4914026.8,5342579.98,10549042.86,11897718.52,13359210.4
ruler,9,16.9,4882721.13,5337533.86,10604669.14,11810912.81,13361775.03
ruler,9,16.95,4879925.75,5301731.59,10553735.84,11814245.77,13343097.91
ruler,9,17.0,4880763.74,5339995.31,10549045.59,11888388.61,13257658.96
ruler,9,17.05,4878391.31,5307594.27,10621291.35,11894388.06,13344446.26
ruler,9,17.1,4915611.32,5307768.31,10541839.9,11888000.58,13272151.19
ruler,9,17.15,4910848.72,5335333.15,10557744.69,11824449.96,13263798.82
ruler,9,17.2,4910681.24,5338407.85,10556045.75,11890274.66,13353403.28
ruler,9,17.25,4881254.33,5336086.5,10619410.06,11902634.12,13258314.51
ruler,9,17.3,4886207.84,5337791.48,10608542.17,11822515.27,13340123.37
ruler,9,17.35,4881643.88,5308497.66,10539002.45,11810204.0,13273823.45
ruler,9,17.4,4916605.06,5300502.04,10606966.43,11819862.05,13344213.75
ruler,9,17.45,4882375.01,5303153.08,10555877.87,11884702.26,13350938.76
ruler,9,17.5,4880543.7,5308868.66,10610996.97,11819268.07,13350080.1
ruler,9,17.55,4910473.81,5310593.48,10622472.21,11900998.1,13272795.43
ruler,9,17.6,4913273.45,5340001.32,10618283.59,11899035.88,13359196.68
ruler,9,17.65,4884288.3,5308995.96,10544521.76,11888769.15,13347328.14
ruler,9,17.7,4885397.83,5301741.81,10542143.02,11826587.92,13279945.12
ruler,9,17.75,4909999.91,5338803.26,10619663.79,11889835.33,13257931.37
ruler,9,17.8,4879982.3,5342829.63,10605111.59,11894138.03,13259123.14
ruler,9,17.85,4882525.79,5336739.84,10615504.7,11889073.52,13353275.4
ruler,9,17.9,4913107.11,5335970.81,10549851.43,11895729.17,13261012.1
ruler,9,17.95,4882280.27,5334569.9,10558870.86,11889823.48,13266016.94
ruler,10,18.0,4904339.87,5278228.35,10617426.39,11917419.74,13430029.59
ruler,10,18.05,4875766.04,5281069.05,10606940.53,11903306.65,13441616.23
ruler,10,18.1,4872294.45,5305943.33,10554256.02,11918665.06,13432618.44
ruler,10,18.15,4902982.72,5307994.94,10540688.28,11843392.69,13454940.09
ruler,10,18.2,4904459.25,5278512.02,10537808.97,11825357.8,13360562.99
ruler,10,18.25,4875084.88,5272640.76,10615222.66,11905558.32,13443570.13
ruler,10,18.3,4906766.65,5277483.36,10604531.32,11844236.9,13353414.99
ruler,10,18.35,4903321.39,5303984.04,10556097.66,11903923.25,13431277.9
ruler,10,18.4,4904932.31,5272328.08,10537966.64,11847286.12,13350356.28
ruler,10,18.45,4909857.55,5311612.57,10538120.97,11900278.26,13430607.89
ruler,10,18.5,4875256.55,5304239.45,10616527.77,11829972.5,13373259.71
ruler,10,18.55,4876891.77,5275807.9,10545040.93,11825494.4,13440505.46
ruler,10,18.6,4903410.27,5307153.81,10540869.49,11916012.42,13435941.65
ruler,10,18.65,4903198.19,5275738.54,10554663.84,11898029.14,13447427.69
ruler,10,18.7,4872853.06,5277295.9,10617389.07,11834112.23,13431387.73
ruler,10,18.75,4874724.11,5310610.6,10600384.38,11845966.65,13357972.17
ruler,10,18.8,4902352.24,5279611.46,10598989.45,11836386.32,13432324.41
ruler,10,18.85,4881513.99,5274546.0,10538702.64,11837969.92,13453902.16
ruler,10,18.9,4905855.92,5280544.38,10541872.48,11830058.87,13368672.47
ruler,10,18.95,4910642.63,5303909.71,10605170.4,11896691.81,13429616.12
ruler,10,19.0,4879617.52,5311035.41,10614812.01,11902531.5,13360380.73
ruler,10,19.05,4906472.01,5305493.98,10612317.5,11913983.13,13452298.63
ruler,10,19.1,4877992.35,5311547.52,10552983.5,11845043.58,13453576.76
ruler,10,19.15,4910752.37,5305456.36,10599421.23,11912274.77,13429179.57
ruler,10,19.2,4903097.55,5304483.74,10603702.02,11904410.91,13367003.32
ruler,10,19.25,4873410.77,5273842.22,10553918.99,11847374.38,13357782.21
ruler,10,19.3,4874828.5,5305011.73,10615041.28,11833231.2,13352876.77
ruler,10,19.35,4903807.12,5307822.42,10605403.15,11896006.36,13449834.81
ruler,10,19.4,4909982.39,5309800.91,10536740.98,11841917.95,13372866.87
ruler,10,19.45,4878909.13,5305950.27,10554491.58,11836192.09,13433022.49
ruler,10,19.5,4905726.82,5279198.67,10614059.16,11829491.25,13444986.07
ruler,10,19.55,4879461.81,5273346.09,10547934.88,11843606.39,13435340.6
ruler,10,19.6,4872544.68,5314078.32,10618730.83,11827859.32,13441887.85
ruler,10,19.65,4910009.13,5308255.1,10542763.63,11840565.69,13360662.9
ruler,10,19.7,4901533.23,5309430.43,10547181.61,11827175.91,13440058.04
ruler,10,19.75,4904653.08,5275181.4,10608682.23,11846993.5,13442875.23
ruler,10,19.8,4906666.91,5307676.14,10549078.45,11827840.28,13437996.89
ruler,10,19.85,4907653.14,5278632.24,10538093.26,11828379.95,13447448.11
ruler,10,19.9,4905427.61,5278148.38,10550774.52,11839198.83,13443601.27
ruler,10,19.95,4875327.76,5312241.63,10549857.86,11907620.39,13450310.7
ruler,11,20.0,4916351.55,5310882.78,10608617.26,11829193.83,13450717.98
ruler,11,20.05,4908855.69,5342584.59,10597788.33,11761377.28,13346322.64
ruler,11,20.1,4918024.65,5310284.91,10613197.53,11764809.93,13348986.91
ruler,11,20.15,4912736.82,5315786.21,10612918.62,11847236.65,13450233.76
ruler,11,20.2,4918147.0,5315027.07,10532531.13,11769759.31,13345896.12
ruler,11,20.25,4884080.88,5343158.55,10544686.69,11761673.38,13449235.66
ruler,11,20.3,4913885.51,5312876.47,10531550.38,11774700.78,13370971.31
ruler,11,20.35,4913170.91,5343762.65,10609876.32,11778790.15,13442369.74
ruler,11,20.4,4917842.22,5350256.59,10608642.53,11761619.11,13352764.15
ruler,11,20.45,4884061.01,5348410.06,10549063.39,11837563.93,13351405.69
ruler,11,20.5,4916395.78,5341974.26,10614071.15,11827767.17,13355174.19
ruler,11,20.55,4885693.25,5320255.7,10608789.82,11767675.03,13443396.45
ruler,11,20.6,4885047.11,5316630.07,10532701.88,11837108.33,13442320.83
ruler,11,20.65,4913534.33,5314153.04,10533774.67,11767996.43,13357794.59
ruler,11,20.7,4915924.44,5344114.39,10610481.05,11832866.56,13351072.93
ruler,11,20.75,4916654.17,5349946.76,10600639.47,11847672.64,13439565.84
ruler,11,20.8,4913799.6,5346630.46,10595177.4,11841712.96,13444820.17
ruler,11,20.85,4909441.61,5346066.94,10530262.03,11778303.53,13445792.03
ruler,11,20.9,4885427.79,5318873.81,10598986.74,11766949.32,13371194.85
ruler,11,20.95,4884919.26,5317238.33,10541813.5,11828270.54,13427177.79
ruler,11,21.0,4913721.74,5346410.77,10593652.78,11833251.65,13367190.35
ruler,11,21.05,4917692.37,5350902.51,10544243.44,11771217.73,13429369.4
ruler,11,21.1,4916228.85,5309872.72,10545865.36,11760784.99,13371315.48
ruler,11,21.15,4914107.96,5310254.33,10533039.27,11768405.45,13354529.36
ruler,11,21.2,4910213.17,5318501.63,10550702.53,11779619.2,13438326.48
ruler,11,21.25,4885134.52,5319997.34,10593359.98,11848488.41,13435232.99
ruler,11,21.3,4888551.92,5311170.72,10607267.61,11770781.94,13357357.19
ruler,11,21.35,4917531.11,5310637.35,10613668.18,11776376.71,13436914.25
ruler,11,21.4,4911276.33,5310760.77,10602267.82,11776332.62,13360256.67
ruler,11,21.45,4910650.15,5343089.14,10609718.03,11848944.52,13448805.59
ruler,11,21.5,4914977.97,5349016.06,10597221.91,11756189.18,13437586.52
ruler,11,21.55,4913619.22,5349183.61,10531003.36,11778379.99,13440307.07
ruler,11,21.6,4880503.7,5319533.47,10548599.0,11850020.86,13362959.81
ruler,11,21.65,4888154.84,5316219.18,10612635.97,11761002.86,13350789.59
ruler,11,21.7,4886424.87,5352110.72,10534268.23,11837514.76,13359154.89
ruler,11,21.75,4915113.74,5342334.35,10598635.48,11831971.39,13360096.03
ruler,11,21.8,4883488.01,5318292.95,10548001.58,11831474.49,13371820.94
ruler,11,21.85,4913674.48,5343701.73,10610333.27,11835482.86,13361392.78
ruler,11,21.9,4915746.92,5346729.64,10604951.43,11773790.53,13444365.92
ruler,11,21.95,4916513.67,5312285.23,10602056.17,11758432.18,13372040.82
ruler,12,22.0,4911005.02,5305114.8,10531856.16,11826118.85,13349470.98
ruler,12,22.05,4938037.66,5307671.62,10530573.76,11882763.4,13442222.02
ruler,12,22.1,4938503.26,5273257.79,10537559.0,11828182.08,13370581.26
ruler,12,22.15,4940821.12,5305927.63,10472323.06,11822236.67,13367496.16
ruler,12,22.2,4942970.48,5313285.95,10521603.62,11817679.74,13368979.92
ruler,12,22.25,4908296.39,5273017.7,10476633.45,11892185.75,13434706.98
ruler,12,22.3,4912716.4,5280314.05,10463204.21,11899376.03,13353288.38
ruler,12,22.35,4940388.11,5311824.33,10470769.14,11896161.24,13354478.19
ruler,12,22.4,4916617.45,5275895.42,10534234.33,11824929.69,13366634.51
ruler,12,22.45,4910819.72,5308877.99,10461235.46,11881518.16,13357815.63
ruler,12,22.5,4940189.6,5306616.94,10466069.32,11824646.08,13446564.12
ruler,12,22.55,4917193.38,5311023.12,10468477.98,11826211.07,13359116.01
ruler,12,22.6,4945267.76,5313684.38,10470010.0,11882135.46,13363478.47
ruler,12,22.65,4914391.37,5313512.78,10532585.26,11830471.84,13367182.53
ruler,12,22.7,4939397.18,5311320.69,10477718.29,11880976.22,13448931.81
ruler,12,22.75,4913210.37,5305968.24,10539660.99,11821255.96,13450024.77
ruler,12,22.8,4913046.12,5277046.75,10468605.72,11902880.05,13447737.17
ruler,12,22.85,4938105.74,5307453.79,10458512.37,11814653.88,13360129.85
ruler,12,22.9,4943191.35,5273405.0,10534529.41,11884062.55,13433706.51
ruler,12,22.95,4937689.04,5307193.29,10523737.72,11894315.89,13428744.9
ruler,12,23.0,4914534.67,5274188.57,10457638.12,11825937.51,13359521.64
ruler,12,23.05,4908223.75,5273462.6,10459388.1,11813436.19,13353253.86
ruler,12,23.1,4943907.75,5273512.93,10527249.33,11884598.29,13349610.05
ruler,12,23.15,4915094.29,5307858.58,10460503.37,11820569.29,13362244.0
ruler,12,23.2,4911754.5,5313570.93,10524206.66,11828341.77,13365098.52
ruler,12,23.25,4938341.03,5274996.93,10527484.33,11817296.16,13359756.74
ruler,12,23.3,4914033.19,5312656.2,10466132.07,11898702.43,13433197.09
ruler,12,23.35,4943417.94,5279680.11,10473149.11,11893961.23,13364350.12
ruler,12,23.4,4910570.36,5306248.47,10534072.37,11818879.03,13358244.69
ruler,12,23.45,4911662.23,5309317.26,10466566.78,11827551.9,13352940.84
ruler,12,23.5,4914394.66,5314293.07,10466382.95,11828285.45,13432574.68
ruler,12,23.55,4910543.66,5278047.06,10528849.51,11895111.46,13365395.68
ruler,12,23.6,4912863.24,5275516.91,10526247.64,11809118.71,13437369.79
ruler,12,23.65,4911943.2,5307563.71,10537201.72,11809069.14,13367525.12
ruler,12,23.7,4943146.51,5307834.87,10530497.93,11880246.39,13432421.0
ruler,12,23.75,4911366.39,5274459.73,10526319.02,11883249.71,13367079.54
ruler,12,23.8,4910123.0,5307900.58,10469822.99,11889218.44,13348749.23
ruler,12,23.85,4909464.35,5304346.56,10467668.01,11896278.57,13453475.23
ruler,12,23.9,4916209.89,5304229.12,10475031.0,11818773.59,13441337.64
ruler,12,23.95,4945120.86,5280635.09,10537313.12,11892120.92,13363663.54
ruler,13,24.0,4908944.28,5313971.0,10546345.5,11893839.84,13370376.29
ruler,13,24.05,4910529.28,5305370.41,10610433.3,11810976.67,13373732.96
ruler,13,24.1,4945302.83,5276784.17,10605086.72,11823017.38,13366307.28
ruler,13,24.15,4943642.7,5313471.37,10547818.49,11884520.32,13358405.61
ruler,13,24.2,4912582.54,5281826.22,10539492.32,11883052.46,13375166.03
ruler,13,24.25,4912096.68,5277019.9,10552476.03,11823320.1,13269780.75
ruler,13,24.3,4913175.43,5283500.83,10604224.56,11899302.88,13290040.9
ruler,13,24.35,4907047.38,5274705.98,10609465.41,11818835.51,13356595.61
ruler,13,24.4,4941145.05,5315413.8,10550325.3,11889314.27,13351790.05
ruler,13,24.45,4943856.13,5312265.05,10539502.14,11826057.89,13282154.07
ruler,13,24.5,4908006.05,5315050.95,10619608.43,11888249.76,13284274.32
ruler,13,24.55,4939813.85,5276370.17,10615302.09,11890455.06,13357102.85
ruler,13,24.6,4945164.57,5313982.55,10542058.31,11810970.0,13373512.8
ruler,13,24.65,4910535.14,5312737.82,10603130.57,11826034.39,13289009.08
ruler,13,24.7,4914340.01,5280177.5,10608267.34,11884561.37,13270481.81
ruler,13,24.75,4911581.86,5283595.53,10605835.0,11891814.3,13360726.52
ruler,13,24.8,4941378.79,5282200.12,10617280.96,11822753.15,13350101.72
ruler,13,24.85,4941011.47,5305269.97,10548718.28,11830076.23,13366409.52
ruler,13,24.9,4915190.57,5315537.06,10542198.24,11897654.27,13359215.5
ruler,13,24.95,4946118.3,5308333.08,10605500.64,11812768.92,13274527.87
ruler,13,25.0,4937698.5,5311541.31,10552083.21,11827452.73,13294538.13
ruler,13,25.05,4907607.56,5279690.21,10613137.37,11901611.15,13360717.86
ruler,13,25.1,4941358.63,5276787.2,10610858.57,11824765.2,13358069.44
ruler,13,25.15,4910913.32,5282172.52,10610327.45,11897261.58,13280552.01
ruler,13,25.2,4909542.15,5315436.42,10545553.57,11826340.96,13295307.8
ruler,13,25.25,4907073.1,5277669.31,10542788.89,11822605.62,13354556.05
ruler,13,25.3,4940352.39,5314148.78,10547508.91,11895881.71,13269938.88
ruler,13,25.35,4909683.98,5310020.18,10544143.83,11813147.81,13352801.5
ruler,13,25.4,4913168.11,5277358.16,10549162.92,11898168.1,13283616.97
ruler,13,25.45,4910928.15,5314341.0,10612020.28,11883489.08,13292924.72
ruler,13,25.5,4945336.56,5311606.23,10536939.22,11813370.67,13370243.93
ruler,13,25.55,4944178.52,5313426.45,10555817.04,11885318.51,13290917.12
ruler,13,25.6,4914383.76,5282561.65,10614403.36,11885802.5,13369893.26
ruler,13,25.65,4936926.54,5275668.4,10551017.09,11901344.1,13369739.07
ruler,13,25.7,4913291.0,5277249.05,10546198.16,11819383.63,13287936.06
ruler,13,25.75,4936505.8,5275327.79,10546007.43,11826651.65,13290270.71
ruler,13,25.8,4908978.28,5274997.82,10540472.72,11816948.29,13364965.26
ruler,13,25.85,4940804.51,5315274.29,10619593.64,11812903.9,13361131.85
ruler,13,25.9,4908716.14,5310025.21,10616793.64,11893874.01,13352946.13
ruler,13,25.95,4911921.58,5308770.23,10612351.23,11881102.84,13357309.61
ruler,14,26.0,4909152.29,5277528.0,10521566.58,11828811.1,13442388.02
ruler,14,26.05,4940694.37,5308910.55,10524401.09,11833279.14,13358109.7
ruler,14,26.1,4938277.06,5270592.72,10534095.11,11759191.55,13368074.44
ruler,14,26.15,4909679.85,5273554.08,10540815.5,11834009.64,13433596.83
ruler,14,26.2,4907820.08,5302236.88,10477159.89,11814875.85,13431281.43
ruler,14,26.25,4907698.33,5274211.58,10468719.6,11747017.22,13423984.26
ruler,14,26.3,4907808.17,5271541.95,10468025.5,11758042.66,13357171.32
ruler,14,26.35,4934424.5,5302909.53,10536326.29,11758727.17,13435273.73
ruler,14,26.4,4934869.63,5310898.89,10535365.74,11826028.93,13431805.3
ruler,14,26.45,4909329.33,5306465.68,10537297.39,11762512.44,13345966.03
ruler,14,26.5,4910610.34,5275458.92,10540279.37,11818865.58,13445663.83
ruler,14,26.55,4936001.16,5310542.48,10459071.07,11751640.79,13423339.32
ruler,14,26.6,4934035.65,5310500.39,10472739.97,11826600.01,13342717.4
ruler,14,26.65,4940461.71,5274172.43,10529377.55,11746708.13,13442450.78
ruler,14,26.7,4937998.43,5273921.95,10476501.27,11823139.01,13367201.09
ruler,14,26.75,4910081.86,5279554.57,10468638.17,11826952.38,13427364.87
ruler,14,26.8,4911974.5,5277631.58,10536838.34,11828115.31,13368045.96
ruler,14,26.85,4936052.83,5308153.79,10459989.42,11830033.33,13442248.04
ruler,14,26.9,4940800.72,5306511.47,10475079.56,11811023.7,13357059.2
ruler,14,26.95,4941502.88,5309088.9,10529126.23,11740205.93,13363796.39
ruler,14,27.0,4936712.03,5279432.22,10532211.78,11820866.42,13449618.42
ruler,14,27.05,4904482.53,5308462.46,10459280.95,11821813.91,13429849.77
ruler,14,27.1,4934976.47,5312037.67,10464108.91,11756756.46,13368274.07
ruler,14,27.15,4937165.44,5307796.22,10541228.94,11814494.36,13428671.8
ruler,14,27.2,4941843.96,5272492.66,10531374.44,11745508.27,13346244.84
ruler,14,27.25,4907346.44,5272869.9,10459388.31,11746231.56,13440630.04
ruler,14,27.3,4937007.37,5278406.08,10539441.41,11825446.9,13360112.17
ruler,14,27.35,4911191.87,5304418.11,10521790.56,11740165.57,13359247.53
ruler,14,27.4,4909536.94,5278610.06,10528855.0,11754447.22,13446452.52
ruler,14,27.45,4932533.93,5312350.33,10537113.73,11746447.2,13360529.56
ruler,14,27.5,4934303.27,5310375.27,10469211.97,11754121.85,13350507.72
ruler,14,27.55,4938324.48,5302233.46,10541027.87,11830334.05,13446041.78
ruler,14,27.6,4905770.56,5305477.51,10476874.54,11817277.23,13352636.12
ruler,14,27.65,4940767.1,5279755.65,10462285.28,11830446.82,13351203.2
ruler,14,27.7,4932992.25,5312481.51,10458286.4,11811923.52,13352032.22
ruler,14,27.75,4904264.48,5310539.53,10525371.51,11744267.15,13441413.92
ruler,14,27.8,4935913.28,5272394.94,10531993.32,11833659.33,13368126.67
ruler,14,27.85,4933474.37,5311290.43,10535355.31,11741342.57,13359491.24
ruler,14,27.9,4907587.0,5278473.11,10463106.12,11751095.19,13446997.91
ruler,14,27.95,4904537.27,5308433.79,10530080.28,11742075.61,13363120.72
ruler,15,28.0,4910219.76,5342612.25,10490927.31,11764439.11,13454645.97
ruler,15,28.05,4937412.33,5316935.86,10546317.12,11761870.73,13354080.8
ruler,15,28.1,4906488.11,5342248.82,10547583.78,11837406.47,13440713.52
ruler,15,28.15,4937731.21,5315160.04,10481755.41,11836942.17,13449132.84
ruler,15,28.2,4906512.96,5347995.58,10485482.57,11764343.99,13437234.35
ruler,15,28.25,4944549.21,5342965.34,10479427.55,11765432.73,13363262.72
ruler,15,28.3,4942512.41,5347051.12,10544138.58,11841571.74,13447197.39
ruler,15,28.35,4943026.61,5344484.77,10486420.78,11760991.99,13432408.28
ruler,15,28.4,4943695.46,5352142.31,10491571.82,11763506.22,13430796.0
ruler,15,28.45,4914844.37,5316439.28,10550219.53,11763805.71,13364170.21
ruler,15,28.5,4916053.41,5345246.91,10493783.14,11760110.1,13435501.29
ruler,15,28.55,4943781.23,5313482.07,10546677.64,11758087.89,13370486.27
ruler,15,28.6,4913014.4,5315541.05,10550530.77,11771950.19,13361041.8
ruler,15,28.65,4915150.69,5315347.71,10555078.39,11827426.51,13437393.62
ruler,15,28.7,4912273.13,5342575.59,10483690.37,11766321.77,13455106.67
ruler,15,28.75,4944768.87,5343780.63,10542086.6,11832132.75,13453507.88
ruler,15,28.8,4907326.8,5352131.33,10481923.54,11829202.45,13373992.96
ruler,15,28.85,4914141.61,5315840.06,10476612.85,11829501.54,13442203.3
ruler,15,28.9,4936105.82,5343928.19,10478612.31,11826257.08,13435697.5
ruler,15,28.95,4937911.32,5311058.49,10558464.72,11827145.05,13428859.13
ruler,15,29.0,4908326.88,5314504.75,10555480.92,11846363.61,13436470.58
ruler,15,29.05,4937808.37,5317504.05,10490142.36,11839185.39,13431182.38
ruler,15,29.1,4912579.0,5309854.55,10547226.61,11766996.06,13432321.51
ruler,15,29.15,4913624.31,5343228.1,10553889.5,11766799.12,13448790.08
ruler,15,29.2,4914505.37,5343728.59,10479619.65,11833304.07,13429743.29
ruler,15,29.25,4908891.33,5314849.92,10556693.92,11828814.07,13362065.47
ruler,15,29.3,4943457.94,5311419.28,10551522.57,11838807.66,13359491.23
ruler,15,29.35,4938862.94,5312867.2,10495352.6,11761241.76,13349746.86
ruler,15,29.4,4943427.35,5313945.37,10482329.45,11828976.3,13443019.21
ruler,15,29.45,4945223.87,5311222.77,10484084.75,11756330.15,13362696.37
ruler,15,29.5,4938680.91,5310398.21,10547429.11,11845578.63,13359453.21
ruler,15,29.55,4940130.14,5341675.97,10554836.09,11753059.09,13356179.38
ruler,15,29.6,4941965.93,5350050.31,10557960.37,11824990.8,13446409.42
ruler,15,29.65,4940578.34,5344893.84,10548417.76,11758520.0,13451840.71
ruler,15,29.7,4936050.01,5315092.55,10492781.06,11765544.65,13364544.27
ruler,15,29.75,4939569.35,5341712.54,10553644.68,11758997.78,13369722.19
ruler,15,29.8,4906988.1,5317866.99,10476929.36,11832871.69,13372718.59
ruler,15,29.85,4943108.58,5348249.58,10482101.49,11846389.49,13436095.98
ruler,15,29.9,4939503.7,5311190.39,10490018.52,11835263.08,13349831.01
ruler,15,29.95,4910005.3,5316930.49,10475599.33,11832321.53,13433695.9
ruler,16,30.0,4902947.88,5347383.78,10612206.6,11884097.03,13277337.41
ruler,16,30.05,4906838.11,5312477.13,10533531.62,11888135.41,13271647.02
ruler,16,30.1,4939590.38,5311196.19,10597324.78,11898760.68,13263876.79
ruler,16,30.15,4933605.77,5308901.4,10599410.88,11825221.05,13343583.27
ruler,16,30.2,4936911.97,5350130.36,10594359.68,11806795.26,13339261.32
ruler,16,30.25,4934078.25,5348618.57,10594485.71,11810379.44,13350145.79
ruler,16,30.3,4901561.68,5313036.59,10546952.13,11897283.67,13359045.61
ruler,16,30.35,4937941.49,5349394.11,10545897.27,11811579.88,13263936.22
ruler,16,30.4,4905994.65,5310990.59,10608379.13,11828012.17,13362801.98
ruler,16,30.45,4930912.48,5308890.02,10548370.59,11890306.19,13355539.78
ruler,16,30.5,4937872.19,5312487.93,10599978.62,11813558.21,13270432.79
ruler,16,30.55,4908096.58,5317877.07,10532399.26,11811915.83,13277229.28
ruler,16,30.6,4932273.47,5311304.67,10539850.41,11822866.62,13338510.15
ruler,16,30.65,4938306.26,5312787.91,10542801.8,11829291.53,13268114.06
ruler,16,30.7,4933342.58,5341226.05,10595717.08,11882995.87,13279981.47
ruler,16,30.75,4908730.04,5316609.7,10539579.57,11882984.47,13260546.92
ruler,16,30.8,4934623.92,5308421.67,10530216.97,11815242.13,13351033.01
ruler,16,30.85,4935434.48,5342548.42,10534491.66,11824445.11,13275118.06
ruler,16,30.9,4904000.28,5311845.2,10538426.14,11824038.48,13351494.47
ruler,16,30.95,4935789.81,5317252.9,10594434.18,11882846.67,13348446.03
ruler,16,31.0,4932413.26,5318427.94,10608038.61,11827130.64,13277710.26
ruler,16,31.05,4900464.34,5311969.31,10612993.16,11808369.83,13269798.66
ruler,16,31.1,4906980.58,5344561.56,10609961.25,11894807.58,13355008.55
ruler,16,31.15,4908512.91,5348709.88,10536436.64,11889906.3,13260323.9
ruler,16,31.2,4903922.46,5340982.06,10596182.45,11881711.59,13364409.79
ruler,16,31.25,4933260.85,5313749.32,10546734.57,11891762.92,13258838.97
ruler,16,31.3,4907562.37,5348423.29,10612893.93,11890201.39,13354393.94
ruler,16,31.35,4906202.39,5346987.94,10545403.15,11889417.78,13272668.66
ruler,16,31.4,4909506.16,5313730.82,10597572.6,11899789.89,13274716.17
ruler,16,31.45,4931212.53,5308845.9,10610794.42,11817593.16,13270860.99
ruler,16,31.5,4937350.0,5342343.99,10610755.85,11815114.37,13346880.3
ruler,16,31.55,4939409.7,5343500.34,10605766.45,11819245.62,13277157.07
ruler,16,31.6,4936950.85,5344910.37,10599410.66,11809148.67,13268958.08
ruler,16,31.65,4930012.95,5341195.78,10535445.37,11893817.33,13284445.43
ruler,16,31.7,4909045.74,5341864.92,10602330.41,11892752.57,13360651.64
ruler,16,31.75,4931441.1,5308315.65,10611407.92,11888278.61,13263699.6
ruler,16,31.8,4936706.93,5346098.39,10608602.15,11888898.46,13261258.21
ruler,16,31.85,4934881.52,5345632.98,10540073.12,11816273.54,13352272.83
ruler,16,31.9,4934907.04,5349052.36,10535032.28,11886300.31,13354912.94
ruler,16,31.95,4901254.82,5315789.19,10601938.64,11892541.22,13354591.01
ruler,17,32.0,4911026.86,5280756.82,10527234.28,11898908.55,13348510.32
ruler,17,32.05,4942144.29,5282912.4,10600723.76,11907628.09,13362480.54
ruler,17,32.1,4907638.94,5281385.75,10533362.95,11897327.61,13352957.08
ruler,17,32.15,4912961.78,5305804.27,10540542.13,11832774.08,13269624.06
ruler,17,32.2,4935152.69,5282648.08,10598671.49,11831891.94,13262870.89
ruler,17,32.25,4941958.52,5277331.38,10600522.88,11841420.11,13275449.02
ruler,17,32.3,4907578.08,5274697.8,10605161.61,11831484.73,13278611.77
ruler,17,32.35,4943348.53,5307074.93,10591299.45,11897533.98,13352635.66
ruler,17,32.4,4938668.68,5280131.74,10605440.47,11826110.27,13269112.24
ruler,17,32.45,4939036.43,5280128.22,10534450.38,11911779.0,13354918.13
ruler,17,32.5,4910227.96,5306835.66,10600183.93,11908114.83,13268885.29
ruler,17,32.55,4939044.65,5280357.38,10543687.23,11835062.69,13349404.33
ruler,17,32.6,4940673.48,5308361.81,10590126.95,11901661.21,13352328.36
ruler,17,32.65,4909251.53,5273943.54,10606206.06,11837985.73,13266237.97
ruler,17,32.7,4908511.62,5312305.09,10608899.57,11831056.08,13364073.15
ruler,17,32.75,4907725.78,5306073.19,10607540.56,11893846.16,13365188.72
ruler,17,32.8,4937304.3,5281782.62,10537447.15,11891515.49,13344080.07
ruler,17,32.85,4911812.23,5274765.49,10526897.73,11908589.72,13357487.38
ruler,17,32.9,4935893.58,5309987.95,10529725.05,11910386.67,13283390.19
ruler,17,32.95,4936773.95,5278756.03,10532367.5,11821932.82,13272113.11
ruler,17,33.0,4938416.95,5314903.33,10542361.68,11829514.61,13266406.67
ruler,17,33.05,4942423.75,5313722.79,10530142.0,11842026.02,13359350.53
ruler,17,33.1,4937786.56,5280329.58,10534472.52,11824682.8,13284426.3
ruler,17,33.15,4905494.26,5278053.78,10591118.04,11840882.19,13342799.24
ruler,17,33.2,4905603.27,5307787.92,10528780.5,11826146.64,13360024.28
ruler,17,33.25,4937240.09,5274160.91,10532827.98,11908333.5,13273264.14
ruler,17,33.3,4905453.93,5305152.03,10603079.52,11828802.84,13348912.99
ruler,17,33.35,4941767.34,5275817.63,10526885.52,11842520.12,13282468.43
ruler,17,33.4,4912998.35,5273775.35,10595475.06,11908346.17,13349612.27
ruler,17,33.45,4941114.13,5308242.02,10545782.11,11893646.48,13342486.4
ruler,17,33.5,4937130.55,5280166.41,10590624.18,11832295.23,13363244.71
ruler,17,33.55,4905847.5,5310313.88,10600222.71,11837907.73,13276890.19
ruler,17,33.6,4908367.39,5309728.56,10599747.75,11904601.32,13355177.83
ruler,17,33.65,4909958.61,5273113.73,10536941.74,11832535.2,13344023.79
ruler,17,33.7,4940782.26,5276857.96,10590723.5,11902276.3,13263374.24
ruler,17,33.75,4906159.67,5312352.84,10593233.4,11822307.72,13362962.47
ruler,17,33.8,4943492.01,5313671.31,10535072.66,11840161.0,13263506.04
ruler,17,33.85,4938037.28,5281527.7,10591708.73,11826223.46,13277701.41
ruler,17,33.9,4935402.52,5281631.53,10608736.83,11823954.36,13352259.2
ruler,17,33.95,4935122.64,5282017.12,10546506.1,11821718.89,13263197.54
ruler,18,34.0,4880079.77,5342947.73,10538793.65,11828351.75,13343163.26
ruler,18,34.05,4909280.99,5306146.64,10473776.43,11828166.36,13415911.64
ruler,18,34.1,4903620.82,5314096.82,10527989.07,11820667.16,13421320.13
ruler,18,34.15,4875792.12,5311184.91,10526276.49,11824746.03,13428829.26
ruler,18,34.2,4904207.45,5311432.28,10473802.59,11828619.64,13411018.15
ruler,18,34.25,4880101.01,5312141.28,10469743.33,11760859.32,13411189.91
ruler,18,34.3,4909035.45,5339036.67,10473845.63,11755314.05,13331076.41
ruler,18,34.35,4907808.94,5340879.48,10481864.62,11818459.93,13333265.81
ruler,18,34.4,4906850.63,5346348.66,10469703.15,11760101.27,13428247.63
ruler,18,34.45,4879696.05,5305655.8,10463384.24,11748964.5,13417252.86
ruler,18,34.5,4902175.43,5346839.57,10540713.86,11761166.83,13429125.18
ruler,18,34.55,4873673.19,5312831.17,10470168.26,11745973.5,13334568.97
ruler,18,34.6,4879381.79,5310333.8,10542390.02,11749449.19,13327600.32
ruler,18,34.65,4877127.96,5310457.88,10532110.59,11744207.43,13424633.3
ruler,18,34.7,4904240.5,5311174.78,10464916.47,11743393.39,13351540.05
ruler,18,34.75,4879130.48,5309866.6,10467072.17,11823868.5,13343382.61
ruler,18,34.8,4901582.24,5339082.11,10475987.55,11829628.2,13421665.32
ruler,18,34.85,4904014.78,5312134.46,10478622.42,11818151.39,13411292.59
ruler,18,34.9,4878786.27,5313762.25,10537127.25,11746566.81,13336049.2
ruler,18,34.95,4900979.5,5344147.09,10528131.16,11765783.74,13419600.88
ruler,18,35.0,4907491.15,5342010.77,10527117.86,11761973.45,13335756.88
ruler,18,35.05,4880001.41,5313472.43,10533619.98,11818598.28,13411245.07
ruler,18,35.1,4877870.5,5342104.42,10535270.19,11754128.4,13418763.51
ruler,18,35.15,4876305.59,5345649.62,10530441.89,11818260.05,13417197.47
ruler,18,35.2,4908975.95,5338237.51,10475885.76,11747065.31,13409953.24
ruler,18,35.25,4872044.09,5306724.89,10534058.06,11745347.36,13329890.11
ruler,18,35.3,4879106.96,5313049.42,10533320.7,11828549.67,13351497.45
ruler,18,35.35,4904109.37,5307513.97,10540637.9,11750530.84,13327977.42
ruler,18,35.4,4908490.53,5343298.65,10539546.01,11835477.17,13416874.12
ruler,18,35.45,4877989.27,5343145.09,10543655.05,11759990.52,13335926.31
ruler,18,35.5,4878646.01,5337862.69,10482872.14,11748544.52,13427727.31
ruler,18,35.55,4906006.74,5340929.44,10477720.9,11822071.91,13352300.86
ruler,18,35.6,4876556.14,5342815.43,10467377.05,11759318.31,13327968.61
ruler,18,35.65,4901589.13,5342582.93,10544602.79,11763649.66,13348490.66
ruler,18,35.7,4907645.8,5338404.08,10528885.24,11748946.68,13410577.49
ruler,18,35.75,4876608.4,5312860.42,10539984.5,11815304.95,13407993.81
ruler,18,35.8,4878674.73,5336861.09,10529985.74,11750025.56,13335590.72
ruler,18,35.85,4875646.26,5341335.54,10463999.24,11745201.42,13417308.51
ruler,18,35.9,4904228.18,5345484.87,10474064.57,11756502.0,13333925.48
ruler,18,35.95,4906075.82,5344390.78,10538194.58,11825715.81,13410029.84
ruler,19,36.0,4904641.34,5310188.43,10540715.7,11834356.44,13358026.81
ruler,19,36.05,4910471.31,5310037.66,10485462.01,11821504.95,13359226.36
ruler,19,36.1,4877492.75,5279584.93,10532659.2,11826250.48,13267862.3
ruler,19,36.15,4911102.38,5279497.76,10472985.7,11760078.25,13291250.13
ruler,19,36.2,4908465.21,5312908.45,10534703.27,11755140.89,13274151.24
ruler,19,36.25,4907999.84,5311293.68,10474534.93,11817554.63,13269099.31
ruler,19,36.3,4881946.89,5280876.61,10530204.84,11823120.27,13271466.1
ruler,19,36.35,4880481.62,5313359.73,10532889.27,11824313.33,13369255.24
ruler,19,36.4,4913233.47,5279429.69,10467378.39,11742518.66,13284879.58
ruler,19,36.45,4910552.72,5275163.14,10471630.76,11751431.53,13357830.37
ruler,19,36.5,4907408.37,5305043.26,10550476.03,11748770.88,13288037.58
ruler,19,36.55,4909176.01,5313636.49,10535335.41,11818538.54,13271683.7
ruler,19,36.6,4881529.58,5309817.83,10544845.23,11757375.76,13290406.52
ruler,19,36.65,4911869.24,5272343.31,10480775.32,11824903.84,13281021.97
ruler,19,36.7,4912138.2,5278430.23,10535200.57,11744971.29,13291662.35
ruler,19,36.75,4905763.83,5304293.3,10542886.45,11756940.28,13272378.99
ruler,19,36.8,4907459.91,5279684.29,10477593.94,11750115.46,13274951.83
ruler,19,36.85,4877965.58,5279526.11,10543204.72,11752616.9,13285463.88
ruler,19,36.9,4882653.49,5278651.86,10473609.94,11829718.64,13355791.66
ruler,19,36.95,4879086.87,5312937.98,10541942.78,11748508.66,13280627.37
ruler,19,37.0,4912298.79,5275700.97,10538192.0,11823690.3,13372081.38
ruler,19,37.05,4906735.78,5278226.54,10482681.13,11832198.59,13363147.75
ruler,19,37.1,4906553.24,5272160.98,10475286.07,11763703.86,13352343.41
ruler,19,37.15,4877788.41,5306497.02,10467907.67,11742183.97,13279727.33
ruler,19,37.2,4908914.62,5272489.91,10544149.37,11746125.2,13274219.08
ruler,19,37.25,4903915.94,5280491.38,10534012.95,11825874.87,13281001.65
ruler,19,37.3,4911718.15,5304687.33,10479920.22,11828963.64,13269467.25
ruler,19,37.35,4909969.83,5276945.01,10540195.7,11816829.72,13280125.61
ruler,19,37.4,4877255.74,5274843.26,10482755.71,11753248.06,13349334.04
ruler,19,37.45,4910272.57,5274438.89,10532320.94,11832214.57,13275697.46
ruler,19,37.5,4879873.75,5280190.26,10480782.06,11747997.99,13372396.96
ruler,19,37.55,4883650.69,5311775.37,10481975.59,11825842.48,13348698.91
ruler,19,37.6,4884191.02,5275324.08,10483380.78,11824769.11,13271600.91
ruler,19,37.65,4881675.88,5304219.41,10535498.75,11755447.15,13281094.88
ruler,19,37.7,4911940.3,5275261.33,10547688.24,11825880.4,13355653.09
ruler,19,37.75,4910238.97,5278439.44,10467782.96,11835280.45,13276423.34
ruler,19,37.8,4909643.3,5312284.92,10534695.41,11830301.84,13356722.87
ruler,19,37.85,4908323.46,5273525.76,10471006.03,11745973.86,13268367.22
ruler,19,37.9,4874560.95,5274880.78,10477434.97,11757792.44,13356843.5
ruler,19,37.95,4908462.87,5308446.15,10531515.35,11813974.15,13285931.52
ruler,20,38.0,4940792.13,5345869.38,10484104.72,11824452.55,13264565.04
ruler,20,38.05,4934900.11,5344405.56,10545352.47,11825182.68,13346557.07
ruler,20,38.1,4934567.85,5314699.65,10468569.27,11813059.34,13348858.17
ruler,20,38.15,4932630.44,5344412.56,10543947.18,11831577.09,13266264.92
ruler,20,38.2,4940872.12,5342047.87,10540642.25,11829566.31,13273349.25
ruler,20,38.25,4932261.7,5313771.69,10547711.71,11879285.54,13355455.95
ruler,20,38.3,4936210.11,5341011.36,10536642.84,11815510.63,13259888.43
ruler,20,38.35,4935607.1,5339091.75,10472401.53,11885103.99,13346118.85
ruler,20,38.4,4906356.34,5339622.77,10484067.69,11884194.67,13333855.93
ruler,20,38.45,4902872.89,5308833.62,10537937.36,11814346.62,13333250.06
ruler,20,38.5,4938389.99,5340076.23,10476517.27,11886636.42,13353268.97
ruler,20,38.55,4911249.61,5306038.25,10481646.92,11893755.9,13267593.01
ruler,20,38.6,4932409.08,5311951.97,10546016.76,11890875.43,13264982.61
ruler,20,38.65,4932584.65,5336931.15,10542245.38,11895814.76,13270385.64
ruler,20,38.7,4905690.69,5341644.15,10475573.93,11822335.25,13271989.27
ruler,20,38.75,4937510.44,5308636.86,10548494.76,11899845.54,13343918.87
ruler,20,38.8,4936497.41,5305686.25,10488743.5,11900884.31,13357720.51
ruler,20,38.85,4907938.19,5313192.47,10548070.6,11889434.89,13253734.67
ruler,20,38.9,4904825.89,5338742.31,10478490.22,11881898.7,13339008.04
ruler,20,38.95,4905892.93,5339986.97,10545221.05,11892249.12,13357199.73
ruler,20,39.0,4902683.82,5308756.8,10541382.2,11882088.48,13278183.06
ruler,20,39.05,4907414.93,5337665.96,10489083.64,11808587.26,13334334.17
ruler,20,39.1,4935526.6,5339230.86,10539247.73,11810222.27,13333182.47
ruler,20,39.15,4911455.75,5308936.4,10544791.07,11814670.31,13261723.65
ruler,20,39.2,4937454.32,5315186.88,10475985.13,11883707.76,13264800.56
ruler,20,39.25,4933834.8,5313731.73,10540998.91,11814712.2,13347955.16
ruler,20,39.3,4934588.41,5337813.25,10479081.58,11888410.09,13357479.66
ruler,20,39.35,4939264.71,5336662.74,10541239.14,11892576.07,13254844.86
ruler,20,39.4,4908538.16,5344862.1,10548035.85,11811989.38,13261611.83
ruler,20,39.45,4905641.51,5345002.65,10485347.4,11825670.76,13348328.13
ruler,20,39.5,4903340.98,5337026.86,10478756.85,11900404.94,13343170.76
ruler,20,39.55,4907127.65,5337097.07,10472531.6,11900666.83,13253351.48
ruler,20,39.6,4907030.16,5336640.71,10542051.74,11897361.61,13339028.56
ruler,20,39.65,4907206.64,5309155.76,10488160.24,11887708.18,13259915.88
ruler,20,39.7,4935236.99,5311998.96,10486010.39,11880473.74,13357961.48
ruler,20,39.75,4933264.57,5341700.76,10488973.13,11898201.53,13345607.96
ruler,20,39.8,4903457.55,5346705.86,10540475.53,11816949.14,13255416.46
ruler,20,39.85,4909410.79,5305608.74,10474618.23,11884500.09,13252348.82
ruler,20,39.9,4937921.66,5340587.9,10539790.2,11896021.75,13337375.38
ruler,20,39.95,4931964.65,5313479.24,10531675.81,11889727.12,13272943.94
ruler,21,40.0,4872727.82,5345114.01,10549504.53,11834782.29,13362646.91
ruler,21,40.05,4910452.51,5314254.51,10604905.14,11830592.34,13355035.31
ruler,21,40.1,4907309.21,5314011.38,10545706.51,11779035.67,13427985.29
ruler,21,40.15,4904391.43,5313986.15,10545399.68,11842155.38,13436664.83
ruler,21,40.2,4907463.78,5350246.01,10601669.49,11774223.63,13423399.76
ruler,21,40.25,4904329.82,5349904.91,10604880.86,11777708.79,13340491.36
ruler,21,40.3,4902742.7,5310572.41,10540667.37,11833044.24,13358823.84
ruler,21,40.35,4908271.76,5310620.9,10534503.1,11840091.34,13353173.75
ruler,21,40.4,4877559.88,5349599.52,10545333.84,11839460.91,13341415.22
ruler,21,40.45,4904644.38,5317149.45,10604832.0,11777592.83,13438405.22
ruler,21,40.5,4908548.82,5312350.52,10548941.64,11844038.87,13437912.35
ruler,21,40.55,4909325.14,5346296.38,10550932.19,11830892.05,13424242.06
ruler,21,40.6,4901896.2,5311916.37,10601862.71,11830125.53,13423323.54
ruler,21,40.65,4879794.96,5314853.05,10597745.16,11780160.13,13366970.35
ruler,21,40.7,4901263.42,5308434.37,10615669.43,11843098.88,13446826.38
ruler,21,40.75,4874657.13,5347681.17,10546220.81,11851534.84,13359588.01
ruler,21,40.8,4902812.87,5315474.58,10549329.77,11839818.99,13362358.19
ruler,21,40.85,4872581.12,5341343.06,10533527.0,11771389.64,13363961.31
ruler,21,40.9,4873022.81,5318518.34,10612442.95,11776704.54,13365241.49
ruler,21,40.95,4905668.28,5310791.61,10549951.31,11848583.68,13354135.25
ruler,21,41.0,4875106.86,5340979.69,10602603.73,11760405.58,13446699.08
ruler,21,41.05,4907919.43,5349106.62,10609412.0,11846815.08,13348970.73
ruler,21,41.1,4879001.7,5313495.68,10612588.04,11842764.38,13353071.95
ruler,21,41.15,4879509.32,5311562.73,10597704.6,11769317.84,13343367.01
ruler,21,41.2,4905677.11,5311692.81,10615719.71,11768737.64,13366748.0
ruler,21,41.25,4879749.08,5313486.96,10615143.22,11776817.36,13424207.69
ruler,21,41.3,4909904.49,5344674.48,10611722.65,11768197.03,13343620.36
ruler,21,41.35,4876776.29,5316912.24,10607033.88,11770704.13,13354919.19
ruler,21,41.4,4875038.08,5315066.43,10603264.63,11848850.29,13364469.33
ruler,21,41.45,4903902.09,5315683.37,10601915.22,11762881.17,13349023.13
ruler,21,41.5,4905425.87,5343449.86,10537566.59,11829297.11,13354795.07
ruler,21,41.55,4907638.52,5310797.68,10543251.68,11833801.02,13431787.99
ruler,21,41.6,4907627.15,5316839.16,10618040.92,11846325.12,13433349.77
ruler,21,41.65,4878872.25,5343307.51,10598229.73,11839235.57,13442087.55
ruler,21,41.7,4902414.18,5350160.71,10605076.17,11774243.71,13436475.97
ruler,21,41.75,4872691.56,5308950.59,10539955.85,11761382.44,13358206.48
ruler,21,41.8,4902404.41,5348952.24,10610418.17,11844895.6,13441859.5
ruler,21,41.85,4875550.81,5314748.88,10604344.11,11836646.7,13440636.44
ruler,21,41.9,4871677.73,5343103.6,10602814.31,11852279.13,13430820.99
ruler,21,41.95,4872887.24,5317219.99,10612974.95,11759513.05,13438470.54
ruler,22,42.0,4937802.88,5310579.01,10615767.92,11839272.93,13278587.77
ruler,22,42.05,4911551.85,5273786.65,10622222.17,11828613.3,13345063.54
ruler,22,42.1,4942226.2,5274290.37,10620982.95,11896831.79,13271724.55
ruler,22,42.15,4940027.59,5270477.33,10607903.15,11897799.53,13356883.71
ruler,22,42.2,4935201.79,5280117.24,10602768.08,11833957.78,13348394.99
ruler,22,42.25,4913503.79,5307536.77,10613257.87,11893033.56,13267312.09
ruler,22,42.3,4936763.83,5309684.05,10607942.82,11823085.86,13334538.86
ruler,22,42.35,4943868.36,5303663.49,10611296.03,11900314.29,13255892.62
ruler,22,42.4,4908857.52,5275514.29,10621832.4,11893625.28,13277317.82
ruler,22,42.45,4911355.11,5312224.07,10619835.02,11911337.2,13340350.65
ruler,22,42.5,4911823.03,5278072.78,10547149.09,11905959.61,13269564.07
ruler,22,42.55,4934470.78,5275305.3,10616751.02,11900348.41,13262489.08
ruler,22,42.6,4936831.64,5275319.67,10555726.57,11895592.74,13356228.21
ruler,22,42.65,4942806.0,5304544.67,10546138.89,11822974.04,13265563.91
ruler,22,42.7,4936815.69,5304974.22,10556732.19,11898954.68,13354205.21
ruler,22,42.75,4905505.0,5278672.81,10557646.53,11839439.57,13267771.41
ruler,22,42.8,4911823.26,5270484.84,10613616.59,11837991.87,13348215.53
ruler,22,42.85,4912493.56,5306435.71,10539386.49,11900446.22,13262759.3
ruler,22,42.9,4912729.9,5302840.2,10555026.58,11840101.24,13263783.42
ruler,22,42.95,4905389.05,5309199.55,10617616.75,11824643.38,13262483.06
ruler,22,43.0,4943828.33,5311960.06,10558928.91,11837840.58,13340653.47
ruler,22,43.05,4941657.39,5276916.25,10603650.27,11832997.82,13354829.68
ruler,22,43.1,4912242.81,5272494.14,10614253.28,11829986.02,13258261.35
ruler,22,43.15,4913343.41,5275721.66,10619349.61,11836069.7,13336934.81
ruler,22,43.2,4938869.0,5309052.65,10606348.28,11907085.35,13267540.78
ruler,22,43.25,4937342.63,5280105.82,10547744.73,11897231.11,13258674.51
ruler,22,43.3,4941248.65,5278112.37,10602664.45,11911315.62,13263518.86
ruler,22,43.35,4935169.18,5277423.47,10607845.7,11823045.06,13258538.93
ruler,22,43.4,4942749.89,5276150.12,10613389.07,11901916.48,13353078.1
ruler,22,43.45,4941160.2,5307061.91,10557915.8,11890979.21,13348060.44
ruler,22,43.5,4936694.57,5303106.79,10556479.64,11890594.46,13268048.01
ruler,22,43.55,4941719.22,5303395.6,10544119.47,11895374.2,13337737.91
ruler,22,43.6,4936913.86,5305667.83,10610729.07,11892359.54,13339902.97
ruler,22,43.65,4944046.74,5277958.19,10539663.42,11825621.6,13273079.86
ruler,22,43.7,4913410.49,5302588.46,10609610.18,11839934.78,13358221.99
ruler,22,43.75,4906541.24,5304831.32,10544763.95,11831006.93,13356890.47
ruler,22,43.8,4936699.3,5303703.19,10610759.62,11830018.25,13351550.5
ruler,22,43.85,4908875.98,5277834.47,10539681.07,11837116.38,13352342.54
ruler,22,43.9,4941818.77,5304399.09,10619326.81,11909243.29,13278857.81
ruler,22,43.95,4941287.1,5309077.3,10545494.11,11893240.66,13339453.22
ruler,23,44.0,4915272.56,5281956.19,10601996.91,11830969.53,13448888.77
ruler,23,44.05,4914421.86,5276566.41,10530385.81,11758299.64,13426540.99
ruler,23,44.1,4911167.0,5281271.62,10596749.38,11769021.53,13368675.53
ruler,23,44.15,4883751.94,5310018.22,10541385.57,11845109.11,13348476.11
ruler,23,44.2,4884752.83,5317959.18,10596394.9,11771879.9,13432786.41
ruler,23,44.25,4882133.04,5282153.15,10523788.42,11774262.37,13445177.84
ruler,23,44.3,4885290.7,5309716.05,10589303.2,11777018.92,13446155.75
ruler,23,44.35,4916799.06,5315368.46,10534525.25,11754378.7,13366302.78
ruler,23,44.4,4914333.93,5277280.63,10527796.97,11764636.56,13424833.25
ruler,23,44.45,4916201.17,5310022.17,10524378.49,11837611.25,13424561.38
ruler,23,44.5,4879870.98,5309796.32,10586342.2,11754174.98,13449169.64
ruler,23,44.55,4885601.74,5285461.2,10586715.07,11841129.4,13437789.1
ruler,23,44.6,4883936.74,5281089.79,10522945.19,11832639.64,13363282.04
ruler,23,44.65,4881908.69,5317122.29,10523612.22,11831423.35,13355476.2
ruler,23,44.7,4886725.08,5315567.92,10594741.89,11827366.63,13446374.67
ruler,23,44.75,4916730.1,5280446.63,10587460.76,11840630.76,13427950.3
ruler,23,44.8,4916488.07,5285324.24,10524731.06,11761200.09,13437243.2
ruler,23,44.85,4911230.94,5315706.96,10535202.26,11763782.34,13347258.02
ruler,23,44.9,4914605.75,5315978.04,10602044.96,11824958.57,13367110.02
ruler,23,44.95,4882754.96,5284332.56,10598031.66,11757625.63,13357841.03
ruler,23,45.0,4886105.36,5281251.34,10601622.28,11777094.31,13356434.58
ruler,23,45.05,4879220.82,5279204.51,10594418.19,11760158.58,13439301.78
ruler,23,45.1,4916893.19,5309896.72,10523861.26,11835761.62,13367733.11
ruler,23,45.15,4911331.23,5277412.1,10597362.08,11844252.51,13347255.37
ruler,23,45.2,4886119.72,5312829.06,10538798.43,11760412.03,13430329.58
ruler,23,45.25,4910285.6,5282240.34,10599250.13,11754888.18,13437545.55
ruler,23,45.3,4881877.08,5309246.36,10596304.25,11846404.06,13431109.92
ruler,23,45.35,4915083.24,5314626.36,10589533.78,11768795.15,13435134.75
ruler,23,45.4,4879552.55,5314357.26,10602125.59,11835325.89,13357396.13
ruler,23,45.45,4913038.55,5276248.34,10529911.59,11756336.45,13431103.12
ruler,23,45.5,4883141.46,5307526.03,10604464.29,11827613.27,13424955.22
ruler,23,45.55,4887174.86,5280027.71,10585179.5,11763696.33,13359083.99
ruler,23,45.6,4915082.83,5277841.94,10584963.49,11776838.03,13431631.59
ruler,23,45.65,4912436.17,5308121.68,10532233.45,11761369.43,13360952.11
ruler,23,45.7,4916334.23,5280478.75,10524328.29,11767957.37,13434915.63
ruler,23,45.75,4914238.98,5284572.09,10532745.49,11764225.81,13357846.53
ruler,23,45.8,4878924.79,5310866.66,10541821.06,11843513.76,13424896.7
ruler,23,45.85,4916473.83,5307879.55,10525612.76,11766045.37,13363674.45
ruler,23,45.9,4884009.45,5285094.6,10534784.08,11759091.44,13356507.47
ruler,23,45.95,4916895.64,5311322.84,10527037.11,11763799.8,13440148.96
ruler,24,46.0,4913342.01,5278672.97,10612980.81,11824173.07,13418334.57
ruler,24,46.05,4910027.33,5274093.13,10612468.35,11889672.79,13345285.88
ruler,24,46.1,4937689.26,5306738.11,10535920.23,11835362.16,13355063.7
ruler,24,46.15,4914647.83,5272832.98,10552172.22,11910303.85,13437111.7
ruler,24,46.2,4945860.96,5309358.61,10615000.04,11902577.66,13345872.14
ruler,24,46.25,4915476.21,5272271.13,10544888.34,11829413.18,13424681.78
ruler,24,46.3,4916131.47,5275686.01,10597242.72,11911687.05,13359839.86
ruler,24,46.35,4913986.77,5277925.66,10612051.12,11910947.37,13428785.77
ruler,24,46.4,4915295.91,5309109.05,10603424.22,11893810.61,13435268.54
ruler,24,46.45,4937196.11,5309700.58,10614244.14,11821882.05,13343828.6
ruler,24,46.5,4909877.56,5271860.9,10607480.2,11839554.37,13418321.95
ruler,24,46.55,4941935.32,5277103.79,10601464.17,11904284.24,13347175.27
ruler,24,46.6,4940407.55,5305552.89,10605621.69,11825630.96,13347521.9
ruler,24,46.65,4937479.26,5301536.59,10614504.23,11830612.7,13344523.82
ruler,24,46.7,4908488.69,5311759.08,10600345.71,11892992.99,13425218.94
ruler,24,46.75,4945652.59,5311873.01,10543582.97,11891332.92,13424512.82
ruler,24,46.8,4909542.23,5301666.38,10608737.42,11834957.52,13354721.16
ruler,24,46.85,4943573.17,5274255.43,10543024.11,11833812.3,13431779.37
ruler,24,46.9,4938980.55,5306032.94,10549278.86,11837273.67,13356896.94
ruler,24,46.95,4907437.99,5310271.43,10544688.1,11819481.27,13433099.55
ruler,24,47.0,4944053.89,5272426.59,10554004.54,11904339.09,13423688.21
ruler,24,47.05,4910550.84,5278212.62,10541514.32,11891599.24,13437654.45
ruler,24,47.1,4910406.6,5303212.71,10552891.43,11897425.47,13351310.5
ruler,24,47.15,4945524.45,5305846.28,10539278.33,11895602.38,13356928.73
ruler,24,47.2,4913533.16,5272249.83,10597350.37,11835528.77,13422286.42
ruler,24,47.25,4909593.75,5274498.31,10617425.59,11901370.1,13358153.88
ruler,24,47.3,4913456.38,5270278.22,10552586.74,11833233.64,13440435.49
ruler,24,47.35,4941364.46,5306930.11,10534239.04,11894181.87,13434661.98
ruler,24,47.4,4946583.17,5302363.75,10608779.5,11823985.23,13347486.44
ruler,24,47.45,4911101.74,5310978.31,10547639.13,11906170.24,13344691.11
ruler,24,47.5,4944144.88,5276344.84,10534247.47,11831311.05,13356684.36
ruler,24,47.55,4914450.76,5303142.72,10540832.15,11824638.58,13442077.9
ruler,24,47.6,4913500.54,5274406.92,10542838.43,11896254.2,13340136.46
ruler,24,47.65,4939864.39,5303127.82,10613395.73,11906048.96,13432137.37
ruler,24,47.7,4937994.15,5278764.29,10546005.09,11818549.78,13347333.19
ruler,24,47.75,4909333.06,5274854.46,10539301.36,11895157.91,13362659.53
ruler,24,47.8,4913014.87,5270224.88,10550063.42,11820659.51,13420443.97
ruler,24,47.85,4913219.47,5302804.08,10601649.93,11892659.15,13361525.07
ruler,24,47.9,4945043.18,5307923.04,10544237.9,11902439.05,13429168.29
ruler,24,47.95,4915282.73,5273739.1,10551239.5,11908611.02,13444785.68
ruler,25,48.0,4904485.23,5306559.31,10542189.06,11904456.05,13351625.49
ruler,25,48.05,4873686.17,5309697.69,10530681.87,11893334.11,13336250.66
ruler,25,48.1,4911540.95,5338605.56,10541606.3,11899879.85,13423783.74
ruler,25,48.15,4902761.06,5338704.96,10481839.31,11822722.59,13438283.39
ruler,25,48.2,4911442.8,5303251.83,10542270.46,11901514.83,13342709.13
ruler,25,48.25,4911891.98,5306052.87,10470132.45,11890551.55,13438368.93
ruler,25,48.3,4903406.92,5304110.13,10474286.21,11822201.21,13439355.21
ruler,25,48.35,4881020.14,5341057.86,10534174.7,11905714.0,13423782.16
ruler,25,48.4,4877597.29,5308410.81,10526204.57,11825798.24,13421867.54
ruler,25,48.45,4903923.51,5340445.21,10541133.25,11905369.74,13343524.75
ruler,25,48.5,4906013.48,5305576.02,10465603.81,11889323.44,13348239.62
ruler,25,48.55,4877783.74,5336385.33,10529163.18,11906658.43,13429656.05
ruler,25,48.6,4878555.91,5333419.26,10463955.07,11888389.08,13345438.99
ruler,25,48.65,4903121.43,5306626.73,10544207.88,11894801.04,13358661.16
ruler,25,48.7,4902635.84,5306446.17,10543349.86,11894949.23,13337613.1
ruler,25,48.75,4876337.63,5342575.42,10543419.45,11823681.79,13339069.34
ruler,25,48.8,4876520.04,5308793.67,10531789.54,11905154.18,13425524.97
ruler,25,48.85,4910036.15,5334343.85,10477756.3,11831553.35,13435603.65
ruler,25,48.9,4907952.05,5337696.63,10479305.37,11896044.23,13417301.13
ruler,25,48.95,4911636.51,5306449.88,10478117.96,11892585.92,13436690.67
ruler,25,49.0,4909623.42,5334497.5,10539731.43,11899314.32,13427765.54
ruler,25,49.05,4881468.0,5307320.48,10526447.72,11824155.88,13425047.84
ruler,25,49.1,4873619.58,5341884.93,10479204.15,11828860.47,13436102.18
ruler,25,49.15,4877881.31,5306911.08,10532629.83,11828660.6,13352651.45
ruler,25,49.2,4904317.41,5307217.43,10532960.84,11832156.79,13343837.4
ruler,25,49.25,4906362.29,5301495.97,10536931.72,11886762.06,13420496.33
ruler,25,49.3,4878489.17,5342287.7,10465497.78,11902722.33,13352034.27
ruler,25,49.35,4879772.99,5337918.48,10525955.43,11820384.17,13415297.08
ruler,25,49.4,4908297.05,5334581.06,10465558.26,11812931.19,13435235.15
ruler,25,49.45,4905333.49,5304497.65,10534449.44,11830016.25,13435972.96
ruler,25,49.5,4879557.57,5311067.12,10472053.17,11890610.32,13337619.38
ruler,25,49.55,4874606.91,5309273.67,10544334.74,11889265.48,13349070.94
ruler,25,49.6,4878131.4,5342737.3,10470955.97,11817869.2,13434713.55
ruler,25,49.65,4911814.76,5342218.4,10540426.26,11827555.5,13431632.82
ruler,25,49.7,4904203.1,5310843.1,10477744.14,11905941.27,13353497.59
ruler,25,49.75,4873822.49,5334370.5,10530673.23,11834748.51,13438588.19
ruler,25,49.8,4873337.94,5303139.92,10530894.36,11894908.64,13431622.14
ruler,25,49.85,4908225.16,5309122.94,10469578.44,11886459.52,13425944.91
ruler,25,49.9,4881563.3,5339319.57,10470720.27,11823269.52,13347743.71
ruler,25,49.95,4903165.35,5340194.9,10543447.64,11892978.88,13347169.38
ruler,26,50.0,4915475.77,5341351.55,10612239.22,11840219.41,13262086.59
ruler,26,50.05,4913423.26,5350851.69,10616806.1,11848146.59,13253403.75
ruler,26,50.1,4945024.57,5311311.68,10535996.17,11848808.23,13337826.77
ruler,26,50.15,4910931.29,5349341.98,10540978.8,11905440.9,13332265.29
ruler,26,50.2,4940668.23,5314446.83,10619207.61,11844113.18,13338087.09
ruler,26,50.25,4938412.64,5345888.03,10605171.05,11836154.11,13339296.1
ruler,26,50.3,4942145.47,5340684.62,10540297.26,11919830.6,13332980.02
ruler,26,50.35,4945737.16,5315413.03,10550347.68,11919721.08,13326939.86
ruler,26,50.4,4942576.69,5314706.55,10605319.77,11845144.47,13256283.59
ruler,26,50.45,4936794.63,5315867.85,10613387.72,11900154.76,13261488.28
ruler,26,50.5,4909882.33,5318133.81,10611724.73,11829050.13,13329363.02
ruler,26,50.55,4940189.59,5350172.82,10537802.15,11849834.82,13337853.04
ruler,26,50.6,4939846.52,5310785.91,10536367.51,11840714.07,13330266.31
ruler,26,50.65,4938326.56,5313061.94,10612190.69,11845584.8,13247903.13
ruler,26,50.7,4908888.29,5346421.34,10604919.66,11843932.47,13329283.27
ruler,26,50.75,4915752.38,5317157.01,10537478.03,11844652.04,13246520.64
ruler,26,50.8,4910926.31,5347011.18,10606965.91,11833733.49,13338286.34
ruler,26,50.85,4943337.2,5309030.41,10612886.23,11903247.66,13252157.22
ruler,26,50.9,4909997.32,5348918.49,10617690.35,11919941.36,13268274.25
ruler,26,50.95,4946150.54,5311205.48,10541763.2,11909581.78,13325249.85
ruler,26,51.0,4911387.21,5345869.13,10611473.49,11911355.32,13250451.0
ruler,26,51.05,4940862.76,5310186.07,10618476.61,11921094.86,13338992.43
ruler,26,51.1,4911037.29,5346031.85,10611789.29,11837569.02,13347599.4
ruler,26,51.15,4941098.19,5345203.98,10544271.02,11849340.23,13328316.5
ruler,26,51.2,4945881.91,5350259.6,10615584.27,11905345.54,13330602.49
ruler,26,51.25,4908772.17,5344870.46,10544856.95,11832372.24,13270265.11
ruler,26,51.3,4915082.06,5311783.44,10543155.55,11910804.82,13257603.24
ruler,26,51.35,4941154.62,5349664.76,10552899.78,11900807.92,13347795.96
ruler,26,51.4,4938642.28,5349358.81,10547362.84,11830741.37,13258481.9
ruler,26,51.45,4916543.21,5316816.78,10610483.3,11839478.42,13254775.66
ruler,26,51.5,4913121.1,5318618.65,10609924.63,11914626.99,13350170.1
ruler,26,51.55,4912098.52,5346589.0,10606926.18,11910108.66,13332797.26
ruler,26,51.6,4943793.32,5313981.99,10612441.44,11917524.23,13260874.16
ruler,26,51.65,4944083.99,5316016.05,10554908.82,11921828.3,13342116.66
ruler,26,51.7,4942535.55,5311508.36,10551974.55,11913885.52,13260505.08
ruler,26,51.75,4907352.82,5341338.96,10541456.05,11900203.6,13264304.33
ruler,26,51.8,4941168.55,5311035.84,10552516.08,11909929.06,13327617.42
ruler,26,51.85,4941770.92,5314760.67,10550875.39,11836953.7,13262569.29
ruler,26,51.9,4913212.25,5340917.44,10614521.13,11841269.77,13330624.5
ruler,26,51.95,4942911.16,5308816.31,10610708.93,11907331.76,13262119.5
ruler,27,52.0,4940967.1,5307257.75,10476804.85,11903117.54,13269227.46
ruler,27,52.05,4939069.52,5308720.76,10535963.23,11841293.64,13344094.91
ruler,27,52.1,4935010.71,5337388.21,10533588.83,11901034.4,13365870.95
ruler,27,52.15,4907647.58,5341053.13,10482379.06,11821166.63,13280338.89
ruler,27,52.2,4909239.77,5301142.68,10534836.76,11841908.63,13364191.51
ruler,27,52.25,4907992.42,5306541.34,10544781.81,11902905.91,13351763.83
ruler,27,52.3,4944246.42,5331865.35,10544039.28,11820745.03,13366175.4
ruler,27,52.35,4908038.23,5336556.84,10549271.8,11822219.56,13356513.18
ruler,27,52.4,4915156.15,5302941.28,10553818.27,11835747.97,13266263.52
ruler,27,52.45,4907291.99,5305681.02,10478968.96,11820470.86,13280204.74
ruler,27,52.5,4913288.35,5338733.89,10553361.23,11891454.58,13264624.81
ruler,27,52.55,4937737.75,5306296.81,10536498.42,11842665.58,13285024.65
ruler,27,52.6,4942398.61,5340032.82,10490395.54,11831198.98,13357955.83
ruler,27,52.65,4936900.1,5335814.38,10477901.17,11836869.77,13344299.22
ruler,27,52.7,4907354.64,5340733.26,10487405.72,11913153.28,13360029.25
ruler,27,52.75,4910709.97,5338682.24,10544954.62,11831825.43,13274720.51
ruler,27,52.8,4940500.69,5334665.08,10481258.51,11825909.51,13277605.79
ruler,27,52.85,4909785.87,5338434.72,10481727.5,11900976.99,13346823.61
ruler,27,52.9,4914545.23,5303346.16,10546475.67,11913779.14,13363615.33
ruler,27,52.95,4939550.36,5305964.23,10539694.06,11834837.42,13358286.7
ruler,27,53.0,4912931.53,5341608.18,10488310.89,11827513.58,13268471.43
ruler,27,53.05,4944623.35,5341143.13,10472000.45,11829653.71,13344850.1
ruler,27,53.1,4908880.11,5308438.7,10472700.42,11827894.81,13268838.03
ruler,27,53.15,4935473.19,5308718.16,10485866.36,11836124.61,13270653.6
ruler,27,53.2,4908008.97,5302785.18,10476338.23,11891835.55,13263236.45
ruler,27,53.25,4910922.6,5305218.66,10538057.59,11836184.54,13269220.63
ruler,27,53.3,4910134.11,5307878.63,10551889.6,11906647.07,13272907.9
ruler,27,53.35,4936614.08,5337593.55,10482428.32,11821768.24,13358285.54
ruler,27,53.4,4936302.49,5341066.22,10481404.3,11903880.33,13365092.16
ruler,27,53.45,4937945.33,5300760.8,10470895.11,11840147.85,13341210.4
ruler,27,53.5,4935355.61,5300747.02,10546525.2,11896762.21,13279582.25
ruler,27,53.55,4940592.79,5341139.21,10471225.14,11899816.69,13269356.42
ruler,27,53.6,4940367.95,5340754.29,10478930.35,11824408.28,13350326.83
ruler,27,53.65,4942842.37,5306296.27,10472767.8,11907958.0,13352859.97
ruler,27,53.7,4943380.06,5334494.98,10472175.16,11910829.81,13270140.11
ruler,27,53.75,4944581.19,5304292.57,10475903.4,11831155.93,13347584.35
ruler,27,53.8,4911837.27,5332193.99,10472997.79,11908753.01,13278946.4
ruler,27,53.85,4912606.19,5336123.07,10472712.26,11904429.8,13351829.77
ruler,27,53.9,4941811.5,5305211.38,10547972.55,11842174.43,13340890.26
ruler,27,53.95,4910719.42,5334699.94,10475100.4,11914175.62,13343678.73
ruler,28,54.0,4941004.71,5307046.03,10604797.81,11822880.05,13442107.9
ruler,28,54.05,4942353.99,5337081.54,10609242.07,11835164.49,13436460.61
ruler,28,54.1,4937288.43,5307760.09,10547735.18,11839900.02,13353573.72
ruler,28,54.15,4911849.96,5306911.67,10554908.38,11900493.85,13347411.98
ruler,28,54.2,4942176.39,5343140.16,10542775.49,11898496.62,13433886.55
ruler,28,54.25,4942545.69,5309717.38,10611251.2,11904319.41,13451243.03
ruler,28,54.3,4907462.23,5311538.87,10618388.39,11911459.9,13367342.1
ruler,28,54.35,4946040.25,5308733.76,10600954.7,11912633.65,13349512.68
ruler,28,54.4,4938680.44,5341091.75,10612232.52,11903679.66,13370752.3
ruler,28,54.45,4909521.58,5344775.5,10554290.52,11836276.24,13352623.51
ruler,28,54.5,4940800.86,5337211.87,10555624.9,11906985.75,13442234.83
ruler,28,54.55,4940001.75,5305366.03,10546845.92,11824173.5,13354375.51
ruler,28,54.6,4936790.41,5309869.22,10554012.86,11901984.94,13366193.59
ruler,28,54.65,4910237.19,5306421.68,10615659.49,11910813.34,13367643.06
ruler,28,54.7,4916514.74,5308574.98,10538806.88,11911211.31,13449258.98
ruler,28,54.75,4944865.56,5337632.44,10616601.06,11904548.13,13368654.25
ruler,28,54.8,4945831.59,5305189.61,10605293.4,11898473.99,13350298.72
ruler,28,54.85,4916034.08,5307636.9,10613508.27,11826511.46,13434796.88
ruler,28,54.9,4938278.54,5337685.17,10545135.45,11913315.66,13347411.88
ruler,28,54.95,4943384.02,5311303.42,10552585.39,11828088.63,13442529.09
ruler,28,55.0,4910501.5,5310183.38,10550988.79,11838717.54,13360564.02
ruler,28,55.05,4913664.7,5310430.39,10549993.85,11834969.16,13365620.8
ruler,28,55.1,4912036.55,5311041.89,10603695.45,11902182.5,13349978.65
ruler,28,55.15,4909575.89,5308176.1,10608705.87,11894305.99,13360328.7
ruler,28,55.2,4942556.86,5339286.06,10551869.64,11902899.04,13446823.11
ruler,28,55.25,4908325.21,5334420.58,10610403.39,11822485.69,13432711.19
ruler,28,55.3,4940310.13,5340996.98,10539298.08,11820049.98,13443006.7
ruler,28,55.35,4942678.2,5306801.79,10547039.47,11831391.91,13354927.07
ruler,28,55.4,4940389.33,5344436.8,10552541.74,11892796.83,13449311.77
ruler,28,55.45,4912756.48,5339882.37,10545559.1,11910095.97,13357094.53
ruler,28,55.5,4937582.51,5336539.63,10602684.8,11819262.8,13348497.99
ruler,28,55.55,4944034.1,5335191.46,10610158.11,11892620.88,13363220.11
ruler,28,55.6,4942181.14,5335900.87,10535926.39,11892836.99,13346027.31
ruler,28,55.65,4914503.88,5304779.29,10542343.13,11820450.31,13357517.52
ruler,28,55.7,4912894.17,5312918.32,10609641.04,11900242.29,13428912.7
ruler,28,55.75,4915268.53,5335939.07,10535812.17,11837025.72,13352518.46
ruler,28,55.8,4943714.3,5305408.88,10605190.86,11834391.92,13346907.94
ruler,28,55.85,4936681.64,5312439.63,10610350.61,11829650.29,13370717.41
ruler,28,55.9,4940258.43,5336783.21,10549086.15,11841839.36,13448345.08
ruler,28,55.95,4944074.31,5341880.57,10538423.89,11822326.23,13370859.86
ruler,29,56.0,4910867.7,5343445.83,10597759.62,11755502.6,13430256.39
ruler,29,56.05,4905390.49,5311411.31,10597538.85,11830624.28,13443623.1
ruler,29,56.1,4936500.01,5305357.78,10603982.08,11818770.08,13432505.95
ruler,29,56.15,4944101.8,5339540.81,10544374.47,11755082.84,13359530.35
ruler,29,56.2,4942354.19,5338868.87,10552268.01,11768112.13,13434556.75
ruler,29,56.25,4913497.62,5311876.51,10606350.89,11829982.36,13362415.2
ruler,29,56.3,4909182.32,5311462.22,10612595.73,11838465.11,13450325.24
ruler,29,56.35,4940076.0,5345071.68,10551722.4,11756011.41,13449142.03
ruler,29,56.4,4938205.53,5335351.51,10532395.85,11835501.99,13360485.34
ruler,29,56.45,4943121.82,5312687.78,10596229.17,11751523.8,13349770.06
ruler,29,56.5,4941604.49,5336994.2,10546729.82,11757131.9,13441355.01
ruler,29,56.55,4913737.91,5338189.04,10605292.15,11828787.5,13433242.06
ruler,29,56.6,4939503.46,5343926.73,10538481.62,11752730.92,13425733.31
ruler,29,56.65,4910338.6,5342043.25,10533684.14,11759804.79,13426473.18
ruler,29,56.7,4908952.03,5308433.57,10550941.08,11769135.37,13449347.79
ruler,29,56.75,4905416.4,5311927.46,10546883.97,11839008.33,13350735.54
ruler,29,56.8,4911712.21,5339516.21,10541443.19,11747467.6,13447142.73
ruler,29,56.85,4942683.18,5309585.19,10537735.73,11825852.01,13350450.59
ruler,29,56.9,4938246.5,5340919.37,10607824.88,11822246.58,13349766.85
ruler,29,56.95,4910127.29,5344322.76,10614467.64,11747835.28,13355262.7
ruler,29,57.0,4914382.46,5312404.46,10600172.4,11769375.94,13351728.18
ruler,29,57.05,4912683.14,5340128.02,10615884.12,11765645.05,13350276.62
ruler,29,57.1,4906034.85,5339439.3,10546816.69,11830983.82,13445300.92
ruler,29,57.15,4941831.42,5342174.91,10536503.93,11761898.78,13346879.67
ruler,29,57.2,4938078.82,5345457.68,10544930.8,11836141.72,13430988.28
ruler,29,57.25,4913196.66,5340562.73,10596091.91,11831950.39,13345839.39
ruler,29,57.3,4912609.09,5304017.17,10540278.49,11835436.44,13428875.82
ruler,29,57.35,4937041.44,5341112.84,10537129.34,11838808.77,13347522.53
ruler,29,57.4,4914584.95,5339454.57,10608670.2,11753597.24,13350220.54
ruler,29,57.45,4905963.03,5337800.26,10614776.42,11749014.07,13360700.9
ruler,29,57.5,4938428.43,5308656.12,10542550.45,11760599.27,13440442.31
ruler,29,57.55,4914446.67,5310089.06,10606367.95,11749428.52,13437457.38
ruler,29,57.6,4938122.51,5308957.65,10601507.22,11748565.88,13433230.94
ruler,29,57.65,4905271.9,5305307.67,10615432.18,11751031.18,13430841.01
ruler,29,57.7,4914466.48,5307326.42,10598772.5,11829434.92,13429368.01
ruler,29,57.75,4941325.04,5312281.85,10604294.53,11751308.32,13448973.02
ruler,29,57.8,4939494.31,5303412.47,10604524.7,11759024.63,13350216.32
ruler,29,57.85,4909948.61,5312065.74,10611026.28,11833707.85,13444324.93
ruler,29,57.9,4937525.25,5307834.1,10540838.47,11816943.48,13449442.02
ruler,29,57.95,4914283.88,5310698.53,10545649.14,11761261.71,13358297.94
ruler,30,58.0,4903454.51,5277867.57,10547887.55,11850769.11,13342092.64
ruler,30,58.05,4906978.44,5272460.2,10548442.88,11907408.0,13356688.53
ruler,30,58.1,4881162.69,5272044.99,10608127.03,11843461.34,13339650.54
ruler,30,58.15,4906130.4,5275369.79,10606856.64,11847287.0,13278409.88
ruler,30,58.2,4877746.54,5273915.71,10541027.84,11846311.34,13361928.08
ruler,30,58.25,4872297.12,5275849.92,10532073.64,11914373.82,13365079.18
ruler,30,58.3,4875974.06,5304075.82,10542858.97,11839791.82,13360594.14
ruler,30,58.35,4909437.19,5304299.85,10533920.67,11833682.4,13359057.57
ruler,30,58.4,4907574.23,5272508.15,10601290.27,11829619.06,13267584.16
ruler,30,58.45,4908928.09,5272753.78,10600864.23,11845156.51,13356143.09
ruler,30,58.5,4873612.05,5309893.47,10542760.54,11832120.93,13355881.58
ruler,30,58.55,4906289.26,5309200.28,10604883.65,11828387.32,13341721.97
ruler,30,58.6,4880795.62,5271415.45,10541132.7,11833518.33,13354181.1
ruler,30,58.65,4905036.76,5272848.32,10540588.38,11832556.4,13270810.09
ruler,30,58.7,4878006.6,5270654.43,10613749.19,11840227.95,13354918.55
ruler,30,58.75,4907871.01,5273475.85,10614990.95,11907917.41,13345349.49
ruler,30,58.8,4875859.23,5309324.36,10532098.45,11832022.22,13265329.73
ruler,30,58.85,4874378.03,5310359.7,10545326.1,11905816.43,13350061.82
ruler,30,58.9,4877290.03,5278852.89,10533026.04,11903196.63,13264601.15
ruler,30,58.95,4881158.31,5307304.2,10533980.04,11841101.73,13349208.03
ruler,30,59.0,4910679.62,5268842.74,10533181.42,11912863.71,13343064.08
ruler,30,59.05,4873608.44,5304792.21,10549788.83,11920590.57,13345913.27
ruler,30,59.1,4908022.55,5304354.44,10601707.8,11838979.48,13281546.95
ruler,30,59.15,4874129.13,5277543.83,10532294.3,11830013.22,13260336.93
ruler,30,59.2,4904557.2,5272641.18,10545757.05,11914932.41,13267722.7
ruler,30,59.25,4874649.53,5272093.29,10550122.05,11920783.11,13358745.05
ruler,30,59.3,4908594.77,5307012.46,10537822.86,11842386.8,13354881.98
ruler,30,59.35,4872488.33,5270857.4,10535260.79,11901307.04,13270188.81
ruler,30,59.4,4874229.46,5278375.9,10547553.91,11843417.1,13340026.59
ruler,30,59.45,4905555.26,5272326.91,10607269.97,11840587.93,13353007.02
ruler,30,59.5,4872947.18,5300508.94,10532559.99,11834869.04,13360197.78
ruler,30,59.55,4910288.84,5310687.13,10603784.39,11844938.09,13344675.35
ruler,30,59.6,4907018.96,5308049.38,10546612.01,11916611.3,13279462.04
ruler,30,59.65,4902856.26,5308050.58,10598240.15,11844247.29,13365043.21
ruler,30,59.7,4872977.15,5275419.58,10544614.6,11908953.56,13270348.24
ruler,30,59.75,4904257.49,5300884.96,10612902.88,11834408.64,13362159.88
ruler,30,59.8,4904637.51,5308844.97,10610816.46,11914441.86,13266354.51
ruler,30,59.85,4872846.73,5277425.38,10598582.58,11837288.15,13343335.2
ruler,30,59.9,4876128.23,5307734.69,10607602.9,11900621.92,13342289.82
ruler,30,59.95,4903760.99,5305676.01,10542966.83,11899488.49,13365066.33
