Label,Trial_ID,Time,S0,S1,S2,S3,S4
screw_driver,1,0.0,2850443.15,3210741.7,9422388.56,11686688.31,12528372.34
screw_driver,1,0.05,2868240.17,3209457.92,9493732.3,11702322.18,12532805.52
screw_driver,1,0.1,2871922.12,3191086.23,9482051.91,11693456.62,12448886.23
screw_driver,1,0.15,2854839.63,3190850.93,9419018.92,11682426.19,12516405.08
screw_driver,1,0.2,2867089.52,3185703.86,9489478.01,11625224.55,12515486.97
screw_driver,1,0.25,2868169.91,3190576.7,9489547.52,11695012.38,12440832.41
screw_driver,1,0.3,2855153.84,3190512.48,9489842.09,11620116.75,12526159.15
screw_driver,1,0.35,2853348.22,3187051.1,9436949.94,11688124.71,12459450.86
screw_driver,1,0.4,2871165.08,3187785.91,9485867.64,11697863.22,12526320.09
screw_driver,1,0.45,2869894.75,3189472.52,9487680.72,11688815.81,12527103.38
screw_driver,1,0.5,2866865.21,3186657.4,9492010.28,11624989.87,12442513.49
screw_driver,1,0.55,2854457.23,3209130.88,9490913.38,11686593.43,12516216.68
screw_driver,1,0.6,2854076.41,3190270.02,9426227.58,11692363.14,12447904.26
screw_driver,1,0.65,2869502.72,3208090.84,9485737.95,11616028.23,12535585.26
screw_driver,1,0.7,2867355.32,3185566.68,9484525.41,11621438.11,12531962.18
screw_driver,1,0.75,2868750.44,3188119.15,9487322.81,11627199.49,12529833.22
screw_driver,1,0.8,2850561.58,3207493.86,9436564.98,11683941.08,12446743.65
screw_driver,1,0.85,2853985.56,3208862.61,9434484.08,11624071.96,12449592.62
screw_driver,1,0.9,2852783.9,3189284.23,9485788.08,11682244.9,12450270.01
screw_driver,1,0.95,2849781.46,3206778.6,9420717.98,11687100.52,12450832.44
screw_driver,1,1.0,2871707.94,3206272.37,9431115.68,11694371.9,12530555.41
screw_driver,1,1.05,2853167.74,3190744.45,9480069.31,11697943.04,12454425.57
screw_driver,1,1.1,2868432.07,3207718.67,9429873.62,11610739.52,12532324.96
screw_driver,1,1.15,2853919.96,3188989.11,9426554.97,11697278.96,12443236.69
screw_driver,1,1.2,2871510.11,3188753.04,9421730.34,11626490.47,12515075.73
screw_driver,1,1.25,2872223.97,3189758.19,9423618.88,11685471.39,12441529.54
screw_driver,1,1.3,2872187.96,3208761.65,9488066.3,11688799.08,12456576.12
screw_driver,1,1.35,2870920.64,3189679.2,9436247.78,11629251.37,12524064.61
screw_driver,1,1.4,2850626.91,3187009.57,9483842.56,11687934.02,12535514.02
screw_driver,1,1.45,2871431.68,3207698.14,9486877.06,11622312.32,12531665.11
screw_driver,1,1.5,2868000.08,3189422.16,9424511.42,11629711.32,12533961.49
screw_driver,1,1.55,2868291.3,3185959.22,9480854.18,11697544.06,12524069.31
screw_driver,1,1.6,2871788.98,3189718.42,9432654.29,11610939.82,12513805.22
screw_driver,1,1.65,2854118.4,3204499.74,9425013.07,11681710.51,12516577.38
screw_driver,1,1.7,2852503.59,3204813.37,9427689.03,11628136.72,12447337.32
screw_driver,1,1.75,2871606.62,3189519.3,9422032.81,11694775.95,12458077.45
screw_driver,1,1.8,2854081.38,3206392.39,9423076.71,11619038.22,12450596.6
screw_driver,1,1.85,2869463.08,3188090.96,9492101.88,11632289.47,12445554.86
screw_driver,1,1.9,2870237.83,3188419.94,9490188.53,11691517.42,12532604.79
screw_driver,1,1.95,2854854.13,3189179.42,9478778.42,11616346.85,12445272.23
screw_driver,2,2.0,2867794.89,3192695.53,9479032.67,11687659.73,12452474.58
screw_driver,2,2.05,2846576.6,3212035.9,9420250.07,11601639.87,12449753.55
screw_driver,2,2.1,2863880.99,3208522.65,9426946.53,11675366.19,12518251.3
screw_driver,2,2.15,2850619.83,3189105.66,9477424.3,11672685.85,12525855.95
screw_driver,2,2.2,2851074.13,3208279.18,9420122.45,11607104.03,12507007.61
screw_driver,2,2.25,2866437.15,3190936.82,9418080.26,11605628.0,12507495.61
screw_driver,2,2.3,2846122.25,3212123.2,9471193.13,11611794.1,12447996.92
screw_driver,2,2.35,2863488.21,3208501.2,9429021.23,11691691.28,12446632.78
screw_driver,2,2.4,2865286.36,3210174.68,9421193.33,11615500.02,12437669.79
screw_driver,2,2.45,2846854.76,3209657.73,9479315.69,11614113.58,12526202.37
screw_driver,2,2.5,2850916.4,3192091.43,9479107.03,11617136.83,12526513.88
screw_driver,2,2.55,2863458.87,3213051.53,9480095.32,11692328.13,12437084.89
screw_driver,2,2.6,2847161.45,3192423.74,9432498.94,11617417.87,12515247.51
screw_driver,2,2.65,2866804.01,3210708.45,9432642.15,11689467.13,12454027.66
screw_driver,2,2.7,2865334.98,3193060.24,9416838.82,11691959.14,12448897.65
screw_driver,2,2.75,2866633.59,3192203.79,9487486.98,11622724.29,12447805.4
screw_driver,2,2.8,2850109.7,3189292.96,9476174.86,11688182.67,12453556.71
screw_driver,2,2.85,2865913.1,3211873.85,9431256.93,11619644.72,12449194.13
screw_driver,2,2.9,2866811.31,3209115.34,9417639.63,11619338.43,12515961.38
screw_driver,2,2.95,2866826.01,3188950.23,9432007.8,11606065.4,12449005.98
screw_driver,2,3.0,2866822.68,3207856.18,9484036.12,11610424.13,12512199.06
screw_driver,2,3.05,2865709.26,3190415.0,9417990.2,11682048.38,12435376.52
screw_driver,2,3.1,2846411.37,3208093.91,9487364.56,11608516.07,12514824.61
screw_driver,2,3.15,2847767.77,3190831.38,9429507.19,11679457.87,12443442.66
screw_driver,2,3.2,2864423.97,3212121.65,9471618.14,11610085.41,12514754.25
screw_driver,2,3.25,2846301.62,3189509.24,9420591.98,11609907.29,12521500.44
screw_driver,2,3.3,2850926.04,3191820.88,9478898.31,11679880.3,12505765.96
screw_driver,2,3.35,2865808.16,3191064.16,9475157.28,11679669.87,12437080.17
screw_driver,2,3.4,2867066.2,3206812.78,9428890.14,11612940.23,12524067.63
screw_driver,2,3.45,2846819.88,3189299.83,9484732.48,11621031.49,12528576.41
screw_driver,2,3.5,2864935.86,3209225.96,9484808.26,11611155.92,12505606.23
screw_driver,2,3.55,2846744.03,3206787.85,9484130.99,11676657.55,12447331.75
screw_driver,2,3.6,2846119.11,3211612.78,9417208.72,11603456.87,12518025.35
screw_driver,2,3.65,2849744.43,3206877.02,9478227.82,11693548.53,12519018.67
screw_driver,2,3.7,2847537.4,3207944.28,9429022.46,11606211.92,12433019.64
screw_driver,2,3.75,2846113.31,3190073.16,9424856.29,11620648.21,12508584.39
screw_driver,2,3.8,2847319.23,3209776.34,9488226.29,11603716.96,12508254.15
screw_driver,2,3.85,2866604.89,3193702.78,9475036.65,11693073.67,12507794.97
screw_driver,2,3.9,2846056.58,3208320.49,9483186.2,11619419.5,12513709.18
screw_driver,2,3.95,2867846.97,3190884.59,9478708.66,11691568.55,12445159.62
screw_driver,3,4.0,2848584.9,3224757.02,9414499.53,11669458.83,12456369.86
screw_driver,3,4.05,2863143.56,3209577.38,9474226.01,11670119.98,12511820.44
screw_driver,3,4.1,2865556.89,3230453.55,9460830.8,11666572.75,12436627.6
screw_driver,3,4.15,2867184.59,3211505.2,9413268.14,11608053.8,12512621.4
screw_driver,3,4.2,2865594.34,3229794.96,9461371.39,11619108.23,12450310.32
screw_driver,3,4.25,2863062.05,3225954.96,9419300.46,11688179.56,12520257.03
screw_driver,3,4.3,2850680.66,3228862.28,9413702.9,11671541.99,12451980.02
screw_driver,3,4.35,2863953.66,3209744.7,9463001.78,11603870.04,12525200.59
screw_driver,3,4.4,2847904.22,3209040.19,9465307.6,11600089.91,12529075.67
screw_driver,3,4.45,2867176.33,3229987.89,9407396.57,11672780.15,12518491.79
screw_driver,3,4.5,2867027.78,3228518.79,9465900.43,11683274.31,12437074.46
screw_driver,3,4.55,2864236.91,3225737.82,9407682.37,11610798.88,12448587.25
screw_driver,3,4.6,2848742.92,3229682.98,9475179.26,11678908.76,12442847.38
screw_driver,3,4.65,2848568.79,3206850.25,9459577.27,11618459.8,12450930.67
screw_driver,3,4.7,2849687.22,3228888.59,9462196.86,11609754.85,12441765.27
screw_driver,3,4.75,2867111.79,3206820.96,9462413.9,11687254.74,12527765.25
screw_driver,3,4.8,2850488.21,3228667.13,9463682.14,11685050.52,12449283.37
screw_driver,3,4.85,2849523.39,3208815.82,9403295.95,11670278.91,12447445.48
screw_driver,3,4.9,2866574.65,3208836.3,9468070.53,11597958.73,12440553.07
screw_driver,3,4.95,2848497.91,3206307.56,9469193.82,11608107.23,12524601.58
screw_driver,3,5.0,2846262.05,3205906.39,9404094.59,11673071.14,12435570.56
screw_driver,3,5.05,2850439.16,3208632.08,9466445.66,11670353.39,12435566.73
screw_driver,3,5.1,2848209.69,3205366.22,9418219.53,11613203.59,12520692.75
screw_driver,3,5.15,2848229.47,3229268.22,9402922.28,11598855.26,12531709.19
screw_driver,3,5.2,2846246.76,3210993.14,9463311.9,11605615.14,12453805.31
screw_driver,3,5.25,2847887.18,3205531.98,9420493.4,11671488.1,12454354.76
screw_driver,3,5.3,2865168.13,3207075.41,9417656.8,11688116.36,12521616.2
screw_driver,3,5.35,2867020.34,3228674.38,9407943.27,11685950.12,12523385.57
screw_driver,3,5.4,2865913.0,3208031.31,9414876.86,11684890.54,12521282.65
screw_driver,3,5.45,2867777.53,3228045.39,9405895.19,11676844.11,12454329.48
screw_driver,3,5.5,2862911.02,3205552.16,9465512.75,11668184.35,12444601.71
screw_driver,3,5.55,2867620.38,3227184.31,9411533.55,11616247.29,12531972.92
screw_driver,3,5.6,2865971.02,3226274.94,9462813.19,11687294.45,12513195.57
screw_driver,3,5.65,2864725.95,3208242.09,9407277.22,11605886.23,12532190.49
screw_driver,3,5.7,2847712.69,3228027.37,9476145.73,11688860.84,12436382.65
screw_driver,3,5.75,2848729.91,3209267.29,9468950.83,11603852.39,12509040.56
screw_driver,3,5.8,2864943.17,3206390.27,9473126.33,11668486.95,12509323.13
screw_driver,3,5.85,2846152.61,3210864.08,9472471.43,11604283.13,12523151.97
screw_driver,3,5.9,2865300.37,3230590.61,9416425.7,11616258.57,12515794.7
screw_driver,3,5.95,2847058.95,3208728.87,9413839.91,11677849.4,12523827.01
screw_driver,4,6.0,2852388.5,3210726.58,9353695.19,11750577.37,12449783.86
screw_driver,4,6.05,2833591.89,3209333.31,9420486.04,11766748.96,12451649.81
screw_driver,4,6.1,2854456.74,3231020.92,9426356.28,11763141.33,12383534.78
screw_driver,4,6.15,2834694.3,3226815.22,9352248.53,11694265.44,12452508.08
screw_driver,4,6.2,2849859.87,3207458.43,9420308.39,11764880.76,12450633.08
screw_driver,4,6.25,2835643.93,3230810.55,9423495.02,11754537.24,12379906.71
screw_driver,4,6.3,2849652.72,3229792.11,9423933.79,11693274.73,12447859.17
screw_driver,4,6.35,2836556.88,3231533.12,9370570.99,11758664.48,12382478.24
screw_driver,4,6.4,2834742.54,3208556.89,9358796.21,11684161.42,12379251.36
screw_driver,4,6.45,2833430.64,3208500.53,9362434.83,11692188.76,12450725.05
screw_driver,4,6.5,2834758.82,3227007.96,9352855.74,11695120.41,12451772.04
screw_driver,4,6.55,2853047.37,3211334.56,9363239.25,11681692.35,12469724.78
screw_driver,4,6.6,2851207.25,3226122.31,9424594.81,11692240.99,12460341.8
screw_driver,4,6.65,2832034.25,3230262.06,9409283.89,11766494.68,12466965.4
screw_driver,4,6.7,2851121.99,3227316.32,9355324.25,11754460.53,12453176.18
screw_driver,4,6.75,2850274.7,3211282.0,9414427.68,11700238.28,12389098.29
screw_driver,4,6.8,2837154.38,3210519.57,9419836.46,11766704.75,12457060.8
screw_driver,4,6.85,2849407.02,3226068.94,9356148.59,11769505.34,12370576.59
screw_driver,4,6.9,2835795.42,3212066.48,9410617.19,11766875.71,12455114.29
screw_driver,4,6.95,2850531.27,3227867.78,9424636.45,11763932.01,12391811.74
screw_driver,4,7.0,2849242.6,3207750.12,9414062.37,11694809.93,12385913.54
screw_driver,4,7.05,2834544.21,3210083.8,9411674.95,11682274.74,12378379.16
screw_driver,4,7.1,2832306.92,3207240.53,9418050.36,11758762.68,12391258.35
screw_driver,4,7.15,2853341.49,3226124.62,9367254.78,11766991.27,12375665.59
screw_driver,4,7.2,2833475.5,3226902.06,9421278.78,11681480.3,12381420.19
screw_driver,4,7.25,2837004.25,3225749.51,9426735.04,11700000.89,12394179.19
screw_driver,4,7.3,2851929.38,3229964.91,9426242.23,11688925.91,12469603.24
screw_driver,4,7.35,2852410.61,3208578.31,9419302.82,11678919.84,12464529.88
screw_driver,4,7.4,2849708.6,3227301.0,9366455.05,11752037.38,12452941.63
screw_driver,4,7.45,2848999.03,3206294.88,9370216.71,11681663.06,12393754.83
screw_driver,4,7.5,2836934.98,3227789.7,9360071.55,11770938.68,12382222.91
screw_driver,4,7.55,2833744.58,3209860.14,9369058.27,11757237.32,12462698.73
screw_driver,4,7.6,2850541.96,3206752.54,9366657.48,11764786.47,12467319.87
screw_driver,4,7.65,2834601.21,3227173.48,9411167.14,11769846.62,12453994.49
screw_driver,4,7.7,2852084.16,3206904.03,9424850.11,11763943.71,12374591.32
screw_driver,4,7.75,2851115.91,3226877.82,9357995.78,11700207.59,12464440.59
screw_driver,4,7.8,2837178.79,3229669.44,9412991.18,11685955.34,12373292.68
screw_driver,4,7.85,2853236.23,3210028.28,9410933.53,11683348.8,12456053.97
screw_driver,4,7.9,2835180.34,3227428.62,9425672.78,11761304.81,12373098.26
screw_driver,4,7.95,2834868.73,3226931.2,9363175.19,11700379.62,12460001.22
screw_driver,5,8.0,2830362.0,3226813.35,9465655.43,11677113.07,12461226.12
screw_driver,5,8.05,2848844.37,3231111.52,9475760.08,11613263.23,12456115.19
screw_driver,5,8.1,2833515.29,3228129.43,9417478.76,11674592.31,12379217.95
screw_driver,5,8.15,2831991.18,3230119.65,9414157.6,11613145.62,12444217.23
screw_driver,5,8.2,2832630.23,3208768.49,9480278.94,11605143.95,12455973.15
screw_driver,5,8.25,2850061.5,3227285.98,9407633.83,11683696.51,12374105.14
screw_driver,5,8.3,2831280.36,3227775.38,9462667.9,11611443.77,12449007.49
screw_driver,5,8.35,2829211.74,3209903.03,9462678.85,11605605.47,12446251.49
screw_driver,5,8.4,2849965.84,3210941.09,9414107.82,11615332.24,12440780.91
screw_driver,5,8.45,2847355.05,3229383.33,9478115.17,11673864.16,12439814.51
screw_driver,5,8.5,2848544.12,3210317.59,9469401.76,11688781.75,12379647.27
screw_driver,5,8.55,2831537.1,3212197.36,9417353.86,11681030.42,12376031.3
screw_driver,5,8.6,2850044.68,3227867.4,9466541.38,11694937.12,12380652.8
screw_driver,5,8.65,2846002.32,3210744.76,9411300.75,11686366.98,12366794.41
screw_driver,5,8.7,2847733.1,3208252.89,9470527.48,11616411.58,12444387.2
screw_driver,5,8.75,2833445.07,3231868.7,9477135.71,11691849.8,12388202.64
screw_driver,5,8.8,2831432.95,3212267.78,9421597.8,11609047.36,12444855.86
screw_driver,5,8.85,2831573.83,3211285.34,9423353.36,11623659.27,12450466.14
screw_driver,5,8.9,2828259.62,3209021.03,9467579.14,11610307.18,12369870.36
screw_driver,5,8.95,2848433.79,3210824.7,9469958.78,11677360.04,12369400.49
screw_driver,5,9.0,2846934.72,3210258.34,9471531.2,11622017.07,12441371.77
screw_driver,5,9.05,2846277.92,3212769.33,9463160.92,11623186.36,12446165.96
screw_driver,5,9.1,2828348.61,3228644.71,9473675.44,11612764.4,12451436.79
screw_driver,5,9.15,2830403.11,3211908.29,9471449.27,11680682.3,12377090.34
screw_driver,5,9.2,2831527.46,3211668.67,9412786.91,11674308.99,12441996.85
screw_driver,5,9.25,2850370.13,3210762.47,9411638.65,11678027.81,12370006.99
screw_driver,5,9.3,2847549.7,3230725.82,9418381.47,11694160.68,12382584.79
screw_driver,5,9.35,2847520.63,3229052.31,9467619.36,11695812.29,12444158.7
screw_driver,5,9.4,2850774.92,3208001.81,9407523.19,11693479.29,12451238.16
screw_driver,5,9.45,2829013.58,3230079.22,9475602.3,11603671.39,12458152.36
screw_driver,5,9.5,2831810.96,3208252.41,9414396.57,11690637.16,12370349.47
screw_driver,5,9.55,2848424.69,3232165.72,9414370.11,11687047.56,12452598.75
screw_driver,5,9.6,2829700.07,3212300.86,9414386.02,11618170.57,12440974.56
screw_driver,5,9.65,2831323.43,3210544.86,9474417.54,11614164.47,12376061.37
screw_driver,5,9.7,2847568.22,3210052.84,9407102.44,11693867.71,12451091.52
screw_driver,5,9.75,2845652.04,3206883.76,9415855.5,11685751.1,12457368.88
screw_driver,5,9.8,2831798.13,3211335.5,9412723.75,11610074.37,12453940.13
screw_driver,5,9.85,2833464.8,3206965.4,9405676.92,11679605.5,12369960.16
screw_driver,5,9.9,2830250.16,3227890.52,9473893.6,11692050.86,12376409.83
screw_driver,5,9.95,2850745.49,3211639.27,9473957.7,11687712.4,12443441.8
screw_driver,6,10.0,2830584.06,3205489.62,9475012.79,11608191.9,12545243.5
screw_driver,6,10.05,2829920.49,3228289.65,9432552.02,11598915.48,12455287.34
screw_driver,6,10.1,2849262.14,3208856.19,9489053.34,11673392.39,12540588.11
screw_driver,6,10.15,2831227.21,3209336.78,9486894.24,11610533.87,12466206.26
screw_driver,6,10.2,2850013.52,3230080.22,9417985.18,11672465.7,12532926.16
screw_driver,6,10.25,2832695.31,3226541.4,9422963.45,11677754.67,12455539.24
screw_driver,6,10.3,2830593.06,3208793.48,9482540.21,11666544.28,12465217.77
screw_driver,6,10.35,2830034.33,3210280.6,9430282.73,11663179.83,12530198.85
screw_driver,6,10.4,2849755.87,3205294.52,9485075.44,11673621.25,12546364.76
screw_driver,6,10.45,2847049.23,3229265.65,9484347.63,11602208.15,12447771.62
screw_driver,6,10.5,2850350.04,3209419.42,9417212.58,11613785.95,12458917.26
screw_driver,6,10.55,2850395.63,3209878.09,9480773.29,11597689.65,12451028.83
screw_driver,6,10.6,2849432.16,3224468.07,9476234.89,11666221.16,12537163.39
screw_driver,6,10.65,2850646.05,3206623.41,9423323.03,11610183.89,12465766.6
screw_driver,6,10.7,2848638.98,3226790.33,9425782.6,11604747.66,12537593.71
screw_driver,6,10.75,2847571.86,3209750.61,9419259.54,11678010.61,12452102.92
screw_driver,6,10.8,2846821.65,3209776.77,9424964.38,11672713.47,12523473.91
screw_driver,6,10.85,2849722.04,3226319.13,9426544.94,11678400.2,12534087.22
screw_driver,6,10.9,2847071.86,3210465.15,9481057.48,11595164.95,12526033.58
screw_driver,6,10.95,2850645.56,3228687.41,9480614.95,11679787.64,12535474.5
screw_driver,6,11.0,2829603.57,3224758.6,9475674.23,11600242.21,12458326.06
screw_driver,6,11.05,2832231.5,3225973.11,9430981.98,11609382.91,12453254.57
screw_driver,6,11.1,2846412.7,3226254.24,9472446.76,11674310.72,12457561.99
screw_driver,6,11.15,2848320.9,3230221.39,9484665.52,11610052.07,12524824.76
screw_driver,6,11.2,2848530.84,3228333.46,9487718.29,11603086.21,12469556.37
screw_driver,6,11.25,2847524.14,3207609.19,9477938.43,11668231.65,12523218.29
screw_driver,6,11.3,2834571.64,3207904.68,9472310.26,11682170.84,12457957.56
screw_driver,6,11.35,2830683.99,3226791.9,9486594.95,11593891.76,12536535.71
screw_driver,6,11.4,2829299.44,3225082.92,9428703.88,11676609.81,12460262.14
screw_driver,6,11.45,2831048.55,3225440.59,9473344.45,11677293.77,12469690.37
screw_driver,6,11.5,2829288.96,3225993.23,9428117.37,11598466.99,12522991.66
screw_driver,6,11.55,2850875.73,3226227.87,9422561.73,11665218.81,12446893.73
screw_driver,6,11.6,2846511.47,3229802.85,9488617.87,11678265.11,12452942.63
screw_driver,6,11.65,2831113.43,3226614.87,9415337.97,11679540.73,12467006.52
screw_driver,6,11.7,2832642.26,3228142.17,9485073.31,11672947.61,12450061.55
screw_driver,6,11.75,2851532.8,3225628.67,9485998.21,11605744.59,12460380.2
screw_driver,6,11.8,2830056.54,3209243.88,9486800.93,11604775.08,12466104.59
screw_driver,6,11.85,2848403.81,3227484.11,9418666.28,11596228.03,12454522.7
screw_driver,6,11.9,2846888.3,3224622.64,9480882.36,11611119.24,12526520.48
screw_driver,6,11.95,2848307.61,3207251.47,9421242.74,11609923.78,12448334.74
screw_driver,7,12.0,2849636.71,3227881.09,9427036.99,11679028.55,12447763.03
screw_driver,7,12.05,2849303.26,3229053.02,9416391.68,11620763.65,12445649.33
screw_driver,7,12.1,2834430.45,3213906.16,9417597.87,11611437.09,12437285.31
screw_driver,7,12.15,2831648.5,3229541.57,9484957.18,11612793.22,12433959.18
screw_driver,7,12.2,2833309.07,3233930.42,9477057.31,11683640.17,12506253.49
screw_driver,7,12.25,2831718.83,3228886.28,9412202.2,11676959.22,12511481.86
screw_driver,7,12.3,2832411.09,3231940.62,9411097.76,11618912.9,12439283.97
screw_driver,7,12.35,2831565.02,3214578.58,9416591.98,11602408.92,12440294.54
screw_driver,7,12.4,2851449.13,3232921.65,9427248.13,11691667.65,12437836.6
screw_driver,7,12.45,2850727.8,3227751.15,9428355.35,11620917.65,12442845.39
screw_driver,7,12.5,2852693.82,3211844.05,9476788.92,11674200.47,12449667.96
screw_driver,7,12.55,2849818.06,3213122.78,9420590.64,11601954.35,12438877.17
screw_driver,7,12.6,2850989.85,3231868.94,9416096.81,11678705.14,12429720.61
screw_driver,7,12.65,2850854.94,3213101.1,9416925.11,11599009.67,12505689.2
screw_driver,7,12.7,2833384.3,3213405.04,9417472.89,11605971.72,12515354.05
screw_driver,7,12.75,2833099.28,3231399.97,9471396.38,11620414.91,12512348.0
screw_driver,7,12.8,2834197.88,3210721.71,9410768.45,11691566.46,12443190.56
screw_driver,7,12.85,2848805.87,3231284.58,9421479.25,11607468.71,12522475.82
screw_driver,7,12.9,2851558.97,3213783.07,9473495.8,11690075.37,12525250.45
screw_driver,7,12.95,2852714.58,3209772.72,9416408.77,11676324.36,12444324.71
screw_driver,7,13.0,2830367.17,3211843.21,9476050.17,11679751.37,12505590.65
screw_driver,7,13.05,2848755.41,3230625.59,9485551.75,11601874.18,12440306.14
screw_driver,7,13.1,2850190.2,3233515.41,9478472.55,11677874.12,12510824.55
screw_driver,7,13.15,2849161.77,3230680.78,9416997.11,11603225.81,12515061.93
screw_driver,7,13.2,2849608.55,3209935.64,9481657.24,11600253.19,12506208.55
screw_driver,7,13.25,2848960.42,3228911.9,9482544.81,11680120.22,12449377.5
screw_driver,7,13.3,2849442.72,3208584.73,9425353.83,11668869.45,12449606.96
screw_driver,7,13.35,2849346.09,3228168.01,9473945.94,11680419.35,12507756.97
screw_driver,7,13.4,2833297.51,3210286.16,9410982.83,11684722.73,12451443.93
screw_driver,7,13.45,2830954.22,3210196.19,9415803.43,11672004.72,12439104.67
screw_driver,7,13.5,2831240.15,3210800.44,9425908.94,11681580.85,12428880.54
screw_driver,7,13.55,2848048.21,3230763.31,9419352.77,11600631.43,12436624.15
screw_driver,7,13.6,2832292.3,3208534.78,9415387.8,11670337.04,12440342.62
screw_driver,7,13.65,2849461.56,3229038.05,9484636.75,11600752.09,12508147.6
screw_driver,7,13.7,2851876.46,3211095.56,9477844.0,11618629.9,12506527.61
screw_driver,7,13.75,2833399.79,3213838.33,9423187.6,11620580.17,12520946.57
screw_driver,7,13.8,2848338.13,3211712.16,9412101.73,11609389.99,12432496.9
screw_driver,7,13.85,2833983.89,3210122.27,9421908.11,11687944.93,12504559.24
screw_driver,7,13.9,2851130.79,3231390.6,9474864.96,11680904.1,12509909.74
screw_driver,7,13.95,2830952.24,3227990.18,9427518.1,11599610.92,12509564.12
screw_driver,8,14.0,2832462.36,3193548.06,9417820.87,11684984.19,12376148.16
screw_driver,8,14.05,2851074.99,3209821.71,9462728.1,11689415.02,12454715.38
screw_driver,8,14.1,2829863.23,3194161.68,9421178.91,11691058.94,12453621.47
screw_driver,8,14.15,2829572.26,3207685.56,9479222.71,11766109.48,12391142.27
screw_driver,8,14.2,2850643.85,3210039.63,9404754.14,11758913.1,12452498.85
screw_driver,8,14.25,2849695.88,3207271.84,9472800.5,11682468.27,12460479.22
screw_driver,8,14.3,2847331.3,3188441.08,9420307.88,11755947.95,12383624.56
screw_driver,8,14.35,2833980.14,3208202.02,9465648.65,11766844.6,12383152.25
screw_driver,8,14.4,2831985.34,3192942.38,9466441.0,11683853.68,12384531.63
screw_driver,8,14.45,2833358.9,3209218.56,9406002.19,11757151.13,12458583.44
screw_driver,8,14.5,2848156.52,3210284.93,9469564.29,11690546.55,12446264.24
screw_driver,8,14.55,2830217.94,3207355.18,9412778.47,11754202.11,12368597.6
screw_driver,8,14.6,2831859.81,3188828.27,9462581.54,11692498.25,12452826.91
screw_driver,8,14.65,2829845.72,3192251.37,9414298.56,11693708.94,12455321.18
screw_driver,8,14.7,2834452.51,3213372.56,9468847.39,11766382.57,12377168.97
screw_driver,8,14.75,2829572.48,3188015.67,9470775.18,11689373.84,12447358.27
screw_driver,8,14.8,2832065.64,3191285.51,9407437.4,11680589.25,12457671.39
screw_driver,8,14.85,2849997.57,3193093.46,9466616.15,11697437.85,12385839.87
screw_driver,8,14.9,2830239.29,3194123.54,9468610.22,11677704.53,12369143.31
screw_driver,8,14.95,2831093.82,3209491.94,9470544.53,11755491.58,12448148.72
screw_driver,8,15.0,2829371.74,3188029.43,9412251.68,11766481.62,12441637.54
screw_driver,8,15.05,2849943.54,3188192.86,9404755.47,11688903.04,12387861.7
screw_driver,8,15.1,2829441.21,3211956.07,9476725.12,11757662.72,12464782.06
screw_driver,8,15.15,2832194.97,3193826.86,9475406.04,11759757.06,12456753.37
screw_driver,8,15.2,2848723.53,3212226.93,9470930.76,11760312.96,12368210.25
screw_driver,8,15.25,2846447.25,3191698.57,9412771.11,11748691.8,12463773.62
screw_driver,8,15.3,2834327.38,3188827.11,9479412.08,11690551.68,12389243.69
screw_driver,8,15.35,2847174.05,3211388.08,9408806.53,11746670.97,12450569.89
screw_driver,8,15.4,2847983.64,3212869.05,9476672.36,11765767.22,12453742.58
screw_driver,8,15.45,2832790.81,3212520.95,9410194.24,11756138.11,12456888.0
screw_driver,8,15.5,2831197.56,3189976.76,9405202.69,11759895.7,12383958.02
screw_driver,8,15.55,2847769.51,3208340.18,9422284.48,11686374.52,12376371.82
screw_driver,8,15.6,2832293.79,3211959.22,9467530.69,11678739.65,12453728.99
screw_driver,8,15.65,2831202.65,3189933.03,9420340.75,11749565.77,12385304.37
screw_driver,8,15.7,2830738.33,3207821.89,9416829.72,11760669.7,12376338.28
screw_driver,8,15.75,2830290.96,3190374.29,9411963.93,11768667.12,12380119.77
screw_driver,8,15.8,2849391.76,3211869.54,9413343.89,11676534.56,12454062.32
screw_driver,8,15.85,2833102.54,3191960.26,9471261.12,11687225.0,12371141.74
screw_driver,8,15.9,2849166.92,3191299.0,9404832.9,11679665.91,12465501.68
screw_driver,8,15.95,2831247.43,3210615.84,9418540.89,11765729.92,12386468.49
screw_driver,9,16.0,2864711.11,3228223.6,9428869.85,11615455.7,12453770.02
screw_driver,9,16.05,2863996.34,3208096.41,9420583.02,11615656.49,12525467.11
screw_driver,9,16.1,2869396.27,3226571.93,9432530.1,11614020.01,12533592.56
screw_driver,9,16.15,2846922.35,3210235.09,9367054.99,11672500.44,12448502.18
screw_driver,9,16.2,2848183.18,3204964.01,9374045.07,11669665.65,12458189.61
screw_driver,9,16.25,2848608.49,3209129.55,9421750.22,11602956.61,12445341.05
screw_driver,9,16.3,2868059.71,3205560.65,9430560.23,11679289.44,12463172.34
screw_driver,9,16.35,2866397.56,3227073.42,9362223.18,11671022.88,12537979.11
screw_driver,9,16.4,2867596.08,3224308.51,9364467.13,11605956.55,12446652.99
screw_driver,9,16.45,2866042.59,3208787.3,9361444.21,11663151.54,12530786.68
screw_driver,9,16.5,2868890.54,3206776.55,9433768.57,11678063.34,12531356.7
screw_driver,9,16.55,2864033.43,3228552.61,9428568.25,11597866.4,12465823.41
screw_driver,9,16.6,2851784.5,3225948.61,9428824.06,11669214.19,12531889.32
screw_driver,9,16.65,2867312.99,3210221.09,9430086.41,11664409.04,12539341.85
screw_driver,9,16.7,2847140.71,3210126.18,9417610.32,11670421.0,12521141.11
screw_driver,9,16.75,2867880.0,3207684.38,9376743.28,11677142.03,12462057.15
screw_driver,9,16.8,2850587.55,3206822.23,9427512.74,11599167.6,12526216.81
screw_driver,9,16.85,2848371.05,3210136.88,9374910.45,11663136.33,12465220.97
screw_driver,9,16.9,2868421.05,3209795.74,9425945.95,11664505.32,12448261.86
screw_driver,9,16.95,2848076.46,3227173.11,9417112.37,11675799.21,12534746.44
screw_driver,9,17.0,2846780.7,3208562.3,9368798.3,11684429.88,12533240.49
screw_driver,9,17.05,2847896.27,3228513.05,9367473.03,11612055.5,12448890.8
screw_driver,9,17.1,2865585.92,3210061.0,9433710.93,11607690.3,12536462.66
screw_driver,9,17.15,2850309.12,3210650.98,9425463.62,11667823.94,12446376.79
screw_driver,9,17.2,2867353.32,3205755.98,9418630.25,11667851.57,12523577.0
screw_driver,9,17.25,2865425.41,3225693.24,9369259.68,11672842.52,12464366.31
screw_driver,9,17.3,2864988.28,3225521.92,9435078.88,11667481.9,12467941.26
screw_driver,9,17.35,2848457.88,3228638.21,9433367.14,11602161.07,12530776.61
screw_driver,9,17.4,2866184.83,3207068.16,9426884.8,11663793.31,12527046.23
screw_driver,9,17.45,2865566.57,3228451.24,9365148.23,11678367.62,12524500.92
screw_driver,9,17.5,2851539.15,3226694.91,9427587.12,11593477.28,12538334.23
screw_driver,9,17.55,2866382.55,3206959.61,9360693.93,11615261.46,12453199.07
screw_driver,9,17.6,2848738.1,3226015.67,9363405.59,11681617.06,12465027.95
screw_driver,9,17.65,2868475.08,3205799.17,9425953.12,11592998.95,12453008.34
screw_driver,9,17.7,2851197.0,3210096.48,9423602.38,11605516.73,12465115.01
screw_driver,9,17.75,2867653.55,3206919.61,9424989.53,11680383.04,12448670.61
screw_driver,9,17.8,2869342.09,3207236.16,9369934.04,11663767.39,12542565.41
screw_driver,9,17.85,2868189.83,3229412.47,9426248.89,11594962.79,12539121.23
screw_driver,9,17.9,2848945.67,3226098.81,9374910.32,11594670.56,12444931.61
screw_driver,9,17.95,2849453.12,3230133.14,9361904.29,11666941.11,12469129.79
screw_driver,10,18.0,2831915.25,3204688.04,9415499.7,11627768.52,12441405.37
screw_driver,10,18.05,2846653.96,3207009.93,9421202.71,11620826.81,12443958.52
screw_driver,10,18.1,2833186.18,3210100.0,9350613.54,11611432.4,12524022.29
screw_driver,10,18.15,2849302.85,3205060.51,9357261.41,11689889.95,12528886.32
screw_driver,10,18.2,2831373.86,3187065.14,9362864.09,11677291.64,12439721.27
screw_driver,10,18.25,2831548.7,3187951.21,9366131.51,11621805.87,12521914.05
screw_driver,10,18.3,2848098.21,3187974.11,9415621.21,11624363.51,12459047.7
screw_driver,10,18.35,2845866.67,3210642.37,9424362.45,11679295.94,12436655.89
screw_driver,10,18.4,2830055.19,3190878.71,9350972.7,11609536.58,12523131.71
screw_driver,10,18.45,2833198.96,3205333.62,9356195.62,11692587.85,12443825.61
screw_driver,10,18.5,2848064.23,3209816.78,9353328.97,11608251.52,12512958.98
screw_driver,10,18.55,2849564.56,3191118.05,9354619.42,11622173.12,12522658.51
screw_driver,10,18.6,2828124.68,3187525.63,9416009.63,11626012.75,12449948.69
screw_driver,10,18.65,2831490.6,3205073.26,9353375.02,11689998.32,12514114.47
screw_driver,10,18.7,2828906.49,3187046.98,9355076.38,11618975.65,12528676.16
screw_driver,10,18.75,2832828.19,3191024.57,9352717.21,11695639.72,12523486.9
screw_driver,10,18.8,2845727.73,3185279.09,9425421.2,11623589.01,12457168.54
screw_driver,10,18.85,2849488.25,3190531.78,9368868.74,11697491.43,12520810.59
screw_driver,10,18.9,2827867.95,3208767.96,9425626.9,11628750.33,12525593.82
screw_driver,10,18.95,2833025.23,3208067.43,9424149.77,11607213.83,12457716.2
screw_driver,10,19.0,2829674.74,3209443.96,9417557.62,11697324.68,12529138.26
screw_driver,10,19.05,2830721.46,3185683.94,9360781.64,11696181.99,12530787.79
screw_driver,10,19.1,2832062.73,3189084.84,9368198.13,11608383.29,12446632.45
screw_driver,10,19.15,2847468.1,3190044.15,9411197.05,11690628.36,12514854.64
screw_driver,10,19.2,2827876.06,3206559.93,9418226.35,11691262.66,12446036.97
screw_driver,10,19.25,2847112.4,3185851.72,9360753.07,11691919.12,12443569.83
screw_driver,10,19.3,2847277.98,3209179.2,9364256.15,11615695.33,12512174.82
screw_driver,10,19.35,2830595.81,3208130.99,9363578.45,11620741.9,12452071.0
screw_driver,10,19.4,2831739.75,3205137.17,9352901.78,11677088.86,12512180.18
screw_driver,10,19.45,2829277.09,3207925.29,9422598.76,11621062.79,12526812.13
screw_driver,10,19.5,2847931.36,3185796.83,9419383.68,11694992.25,12460141.15
screw_driver,10,19.55,2847873.56,3188384.17,9363282.16,11696746.59,12456984.4
screw_driver,10,19.6,2849830.86,3186351.46,9423802.59,11676602.83,12440451.35
screw_driver,10,19.65,2847690.41,3209785.18,9354060.68,11695569.38,12456678.96
screw_driver,10,19.7,2844864.92,3186146.49,9421739.96,11693767.09,12459956.24
screw_driver,10,19.75,2829055.79,3206804.98,9414548.77,11691702.01,12450458.0
screw_driver,10,19.8,2844836.28,3209245.53,9369121.55,11683763.72,12516496.55
screw_driver,10,19.85,2828245.66,3209465.89,9354658.51,11687914.37,12521810.49
screw_driver,10,19.9,2828883.97,3205899.43,9414066.82,11611067.51,12520781.42
screw_driver,10,19.95,2846135.97,3190521.09,9352630.57,11685928.22,12457726.99
screw_driver,11,20.0,2835390.14,3208449.3,9435634.43,11750309.44,12372165.23
screw_driver,11,20.05,2851403.4,3210206.74,9430632.92,11730875.57,12455429.03
screw_driver,11,20.1,2850044.82,3208336.39,9365677.3,11752303.36,12447042.44
screw_driver,11,20.15,2836303.83,3209868.64,9371669.8,11662105.13,12441759.97
screw_driver,11,20.2,2850857.77,3209750.29,9378156.42,11665585.47,12452882.77
screw_driver,11,20.25,2849891.74,3209509.13,9438417.64,11666579.45,12447694.57
screw_driver,11,20.3,2850770.29,3208872.11,9425624.06,11662318.95,12373605.19
screw_driver,11,20.35,2851542.41,3206808.85,9373619.98,11731716.72,12377857.63
screw_driver,11,20.4,2837464.07,3185763.49,9427520.77,11735229.26,12440908.14
screw_driver,11,20.45,2837219.97,3187951.06,9372111.34,11680848.63,12371002.16
screw_driver,11,20.5,2837041.7,3189604.78,9433618.64,11666592.57,12369415.95
screw_driver,11,20.55,2832989.94,3190444.88,9377926.11,11734275.77,12455591.68
screw_driver,11,20.6,2834018.14,3191380.86,9438350.67,11737208.62,12363113.48
screw_driver,11,20.65,2850747.49,3188741.24,9368623.24,11744317.04,12449555.55
screw_driver,11,20.7,2833250.58,3191370.87,9381796.15,11667009.65,12374410.41
screw_driver,11,20.75,2854347.72,3189011.87,9366121.07,11738210.67,12445081.44
screw_driver,11,20.8,2834189.38,3207367.0,9426423.85,11665880.51,12380370.2
screw_driver,11,20.85,2851164.45,3187843.42,9428517.49,11677942.9,12381657.31
screw_driver,11,20.9,2852668.27,3189850.87,9426634.89,11738659.87,12452425.24
screw_driver,11,20.95,2835082.27,3190594.49,9370742.1,11742853.9,12449836.23
screw_driver,11,21.0,2834751.57,3189380.17,9419808.98,11661763.91,12359887.65
screw_driver,11,21.05,2833218.66,3207956.4,9366233.29,11667502.99,12438582.83
screw_driver,11,21.1,2837558.37,3210319.13,9377547.23,11746186.36,12358262.0
screw_driver,11,21.15,2833115.91,3209597.43,9375497.79,11743737.49,12441653.55
screw_driver,11,21.2,2835932.43,3205355.68,9363853.57,11740928.86,12375830.83
screw_driver,11,21.25,2849455.01,3209054.58,9430032.72,11741054.14,12368347.98
screw_driver,11,21.3,2851882.47,3209494.87,9422934.08,11731625.47,12381296.46
screw_driver,11,21.35,2849768.12,3191602.33,9436492.8,11661723.71,12449412.1
screw_driver,11,21.4,2834217.75,3207116.44,9419807.25,11743866.55,12363123.23
screw_driver,11,21.45,2834259.87,3206649.56,9373161.73,11666066.78,12435512.0
screw_driver,11,21.5,2849755.1,3190812.36,9378430.61,11677398.33,12432649.56
screw_driver,11,21.55,2853167.29,3207187.15,9374908.88,11663911.88,12365504.04
screw_driver,11,21.6,2833084.1,3188597.2,9436995.23,11675429.3,12365773.55
screw_driver,11,21.65,2851117.42,3187612.0,9422495.92,11735920.56,12451383.49
screw_driver,11,21.7,2850464.74,3210665.74,9376109.78,11742572.47,12447330.79
screw_driver,11,21.75,2834115.11,3189811.91,9430831.67,11745478.16,12366771.74
screw_driver,11,21.8,2854642.23,3191141.82,9369016.31,11659873.89,12374400.7
screw_driver,11,21.85,2833310.18,3204564.79,9363491.99,11672759.93,12380128.37
screw_driver,11,21.9,2852655.79,3186950.54,9380994.47,11751232.02,12447789.19
screw_driver,11,21.95,2835324.8,3188243.84,9420370.28,11735847.79,12371159.01
screw_driver,12,22.0,2830515.07,3207038.21,9362229.2,11668640.12,12452267.76
screw_driver,12,22.05,2848474.41,3208514.95,9417161.8,11603491.58,12391511.12
screw_driver,12,22.1,2833354.77,3206631.96,9365601.46,11666838.01,12384392.93
screw_driver,12,22.15,2833588.29,3188272.23,9409837.77,11676425.27,12392954.42
screw_driver,12,22.2,2829682.95,3206617.12,9417256.34,11668745.18,12373919.95
screw_driver,12,22.25,2829512.7,3189127.41,9363549.57,11680749.78,12460059.26
screw_driver,12,22.3,2850385.94,3190179.77,9359061.44,11681468.89,12467762.23
screw_driver,12,22.35,2850452.34,3191739.8,9367933.35,11675158.45,12392748.19
screw_driver,12,22.4,2832128.17,3209392.34,9354999.41,11680015.5,12393819.83
screw_driver,12,22.45,2848430.11,3207155.19,9364030.82,11679794.41,12461656.62
screw_driver,12,22.5,2833728.38,3192560.49,9416361.28,11673724.83,12456491.49
screw_driver,12,22.55,2849817.53,3187250.47,9355330.87,11593318.81,12380756.6
screw_driver,12,22.6,2846393.29,3212120.04,9423322.87,11666235.54,12467868.66
screw_driver,12,22.65,2846805.07,3189629.66,9409846.94,11595235.37,12389208.0
screw_driver,12,22.7,2848972.68,3188921.34,9422446.03,11668645.57,12463983.61
screw_driver,12,22.75,2845964.14,3209355.67,9407469.43,11596691.68,12392592.24
screw_driver,12,22.8,2850243.78,3190974.92,9421067.45,11609903.04,12396109.21
screw_driver,12,22.85,2848228.63,3207711.65,9410250.23,11674631.9,12467864.58
screw_driver,12,22.9,2850483.0,3208146.58,9363986.98,11669802.33,12389197.36
screw_driver,12,22.95,2848684.71,3212291.02,9419719.4,11606080.6,12449036.03
screw_driver,12,23.0,2832084.16,3192394.48,9409000.15,11682113.48,12374164.35
screw_driver,12,23.05,2850955.64,3190180.97,9360810.81,11673133.27,12373294.53
screw_driver,12,23.1,2829640.19,3210658.34,9355422.22,11661916.43,12396820.51
screw_driver,12,23.15,2831592.26,3210337.9,9361409.98,11661829.32,12391871.42
screw_driver,12,23.2,2849291.8,3193056.77,9359175.09,11669874.75,12380972.14
screw_driver,12,23.25,2846732.31,3189534.59,9412085.6,11663369.88,12452435.51
screw_driver,12,23.3,2851166.17,3190003.13,9420603.76,11594962.76,12380349.55
screw_driver,12,23.35,2846983.66,3207297.08,9350035.56,11673444.68,12467883.25
screw_driver,12,23.4,2847822.13,3188766.54,9411714.92,11660511.76,12448624.95
screw_driver,12,23.45,2828714.8,3210275.13,9416226.88,11597055.73,12452460.72
screw_driver,12,23.5,2846483.82,3189365.91,9354239.1,11682438.06,12448060.58
screw_driver,12,23.55,2846395.61,3207049.44,9412361.35,11612681.83,12376458.1
screw_driver,12,23.6,2829840.53,3188423.72,9423508.06,11682994.45,12458091.5
screw_driver,12,23.65,2851079.8,3212209.57,9415986.78,11592217.76,12390487.19
screw_driver,12,23.7,2846842.8,3187387.26,9361842.34,11612549.27,12447608.4
screw_driver,12,23.75,2849845.21,3193200.55,9419844.74,11664065.41,12375627.59
screw_driver,12,23.8,2830498.35,3191119.94,9364738.24,11670276.35,12469338.58
screw_driver,12,23.85,2830689.66,3188512.22,9363545.69,11600706.85,12388381.61
screw_driver,12,23.9,2850842.25,3210364.15,9360633.84,11662130.28,12467840.91
screw_driver,12,23.95,2831410.58,3191586.31,9411026.22,11674324.7,12469963.09
screw_driver,13,24.0,2868972.16,3187051.75,9410714.63,11700108.54,12539697.92
screw_driver,13,24.05,2849230.33,3208995.14,9411217.28,11612257.18,12539602.79
screw_driver,13,24.1,2864206.69,3209949.76,9464499.46,11697278.59,12467083.56
screw_driver,13,24.15,2865049.26,3209323.72,9410304.28,11612904.75,12525330.68
screw_driver,13,24.2,2848178.16,3191015.02,9465253.04,11684980.48,12470964.7
screw_driver,13,24.25,2867486.78,3207336.52,9402489.16,11697189.95,12531970.86
screw_driver,13,24.3,2865327.72,3210252.64,9410721.95,11610268.62,12525641.74
screw_driver,13,24.35,2851351.23,3187432.39,9410031.43,11692320.26,12533639.71
screw_driver,13,24.4,2847058.0,3188196.67,9404627.87,11607984.22,12534610.58
screw_driver,13,24.45,2850703.15,3187773.8,9413300.22,11691855.31,12466088.59
screw_driver,13,24.5,2850408.92,3209144.72,9468296.5,11610686.45,12544695.28
screw_driver,13,24.55,2865055.04,3206595.27,9420139.96,11620806.32,12471716.4
screw_driver,13,24.6,2851386.39,3208198.74,9464186.06,11617903.08,12468376.81
screw_driver,13,24.65,2864126.5,3192454.69,9413747.82,11619908.31,12459950.79
screw_driver,13,24.7,2851390.5,3189542.06,9460624.39,11680658.09,12450707.29
screw_driver,13,24.75,2848730.54,3208652.52,9416328.02,11693552.51,12456721.18
screw_driver,13,24.8,2866728.44,3207438.14,9419356.81,11628931.49,12467789.88
screw_driver,13,24.85,2865528.01,3209680.81,9473612.28,11690709.91,12456744.06
screw_driver,13,24.9,2847694.58,3191835.48,9464234.05,11608996.31,12467107.19
screw_driver,13,24.95,2847450.85,3207806.17,9476223.09,11615810.19,12450352.09
screw_driver,13,25.0,2866636.21,3209982.43,9469162.13,11697196.64,12529356.14
screw_driver,13,25.05,2846658.77,3190239.01,9417191.95,11615215.59,12548348.85
screw_driver,13,25.1,2863683.07,3212185.45,9462813.44,11695370.03,12464670.14
screw_driver,13,25.15,2849443.66,3211467.45,9414487.05,11623920.52,12451425.55
screw_driver,13,25.2,2851522.21,3209048.01,9466995.74,11686057.31,12533124.58
screw_driver,13,25.25,2864277.79,3192995.17,9469794.35,11609481.46,12545935.54
screw_driver,13,25.3,2849374.92,3188921.14,9416232.49,11697899.2,12450467.16
screw_driver,13,25.35,2866323.01,3187306.32,9418354.3,11614911.79,12460000.88
screw_driver,13,25.4,2848141.03,3211096.21,9459789.12,11691909.51,12473782.9
screw_driver,13,25.45,2864145.33,3192558.15,9463319.05,11682497.78,12461402.57
screw_driver,13,25.5,2867444.07,3190206.82,9476412.17,11626035.39,12544966.33
screw_driver,13,25.55,2851335.8,3190499.92,9410928.11,11622237.64,12461726.49
screw_driver,13,25.6,2868508.76,3189484.64,9408318.38,11686548.38,12526732.81
screw_driver,13,25.65,2846648.25,3189809.7,9420502.64,11611489.68,12548419.0
screw_driver,13,25.7,2850002.97,3209286.29,9404897.09,11617148.69,12462544.45
screw_driver,13,25.75,2867509.51,3188659.06,9408402.43,11613667.86,12534859.44
screw_driver,13,25.8,2848981.43,3207976.42,9417065.91,11627023.86,12530606.54
screw_driver,13,25.85,2850973.44,3191773.7,9462871.8,11629192.27,12529912.78
screw_driver,13,25.9,2867509.16,3188557.02,9470025.04,11613079.48,12471923.17
screw_driver,13,25.95,2849791.74,3208296.16,9420650.13,11615978.65,12536038.14
screw_driver,14,26.0,2846869.18,3194686.96,9474845.54,11694261.75,12362113.14
screw_driver,14,26.05,2850696.37,3190983.92,9474239.74,11753937.68,12439315.61
screw_driver,14,26.1,2848020.04,3211727.94,9407713.07,11675727.19,12446954.96
screw_driver,14,26.15,2865881.87,3191414.05,9472794.57,11684661.93,12374347.79
screw_driver,14,26.2,2847219.21,3208930.74,9424152.62,11754424.19,12427934.54
screw_driver,14,26.25,2847536.07,3192649.08,9463550.84,11686909.83,12448628.91
screw_driver,14,26.3,2868418.15,3194919.96,9471281.35,11765448.82,12376370.18
screw_driver,14,26.35,2864819.88,3210949.19,9424641.63,11689327.83,12362466.81
screw_driver,14,26.4,2848432.45,3214385.37,9413904.71,11692993.74,12355510.12
screw_driver,14,26.45,2846952.36,3209853.28,9407231.17,11691089.29,12434508.04
screw_driver,14,26.5,2849813.95,3192919.4,9469520.84,11756344.78,12355816.99
screw_driver,14,26.55,2849516.12,3191438.71,9471249.49,11754430.26,12375070.01
screw_driver,14,26.6,2866397.13,3193680.91,9464857.95,11676720.72,12360663.8
screw_driver,14,26.65,2866229.94,3209546.55,9472598.01,11764927.21,12353875.19
screw_driver,14,26.7,2863656.94,3210906.14,9413029.43,11748151.87,12369735.03
screw_driver,14,26.75,2846556.03,3210484.13,9406781.25,11690603.54,12353541.46
screw_driver,14,26.8,2850741.91,3192529.88,9473810.21,11752215.34,12440263.16
screw_driver,14,26.85,2850392.92,3192023.07,9416928.71,11761741.41,12427452.23
screw_driver,14,26.9,2865475.47,3192254.38,9480916.86,11753281.16,12434846.77
screw_driver,14,26.95,2851412.08,3212081.23,9476398.1,11763604.88,12441054.73
screw_driver,14,27.0,2847745.54,3192906.77,9476712.91,11762095.61,12375068.15
screw_driver,14,27.05,2849312.55,3213468.6,9463582.63,11681707.46,12436468.32
screw_driver,14,27.1,2847109.91,3210307.36,9407969.09,11696673.68,12371543.27
screw_driver,14,27.15,2863496.72,3195934.44,9423230.5,11696904.49,12441790.49
screw_driver,14,27.2,2851414.74,3194494.62,9417977.09,11753077.22,12365563.49
screw_driver,14,27.25,2847201.86,3193859.56,9466229.05,11764856.66,12429151.58
screw_driver,14,27.3,2847453.32,3210343.62,9474792.57,11760174.49,12374557.59
screw_driver,14,27.35,2850999.62,3189832.8,9464938.98,11692505.14,12434940.14
screw_driver,14,27.4,2846135.1,3190924.9,9470611.21,11747295.68,12362386.87
screw_driver,14,27.45,2866205.69,3194705.22,9421044.97,11745045.37,12439652.03
screw_driver,14,27.5,2863775.68,3213829.58,9422573.1,11763378.96,12433261.93
screw_driver,14,27.55,2864392.38,3192557.18,9480539.48,11751850.12,12377034.08
screw_driver,14,27.6,2863167.5,3194429.97,9423436.7,11688874.15,12371925.16
screw_driver,14,27.65,2865662.47,3214127.6,9471103.86,11752592.84,12444997.67
screw_driver,14,27.7,2846030.17,3191172.24,9411206.88,11764578.41,12443419.94
screw_driver,14,27.75,2865410.11,3209650.71,9464228.51,11673865.81,12366972.88
screw_driver,14,27.8,2848515.94,3211539.86,9413642.08,11674524.72,12371725.82
screw_driver,14,27.85,2850225.95,3212793.18,9415064.59,11685614.07,12375630.51
screw_driver,14,27.9,2850336.75,3191274.7,9417254.91,11696581.49,12440562.7
screw_driver,14,27.95,2865528.06,3211085.17,9414997.05,11683959.82,12433904.95
screw_driver,15,28.0,2869129.23,3193162.47,9350778.49,11739571.2,12377746.6
screw_driver,15,28.05,2866565.31,3194737.12,9354164.23,11675347.93,12456351.62
screw_driver,15,28.1,2849830.22,3194858.05,9411747.81,11739062.88,12374586.24
screw_driver,15,28.15,2851611.5,3191555.97,9410855.5,11735700.19,12360297.92
screw_driver,15,28.2,2852815.87,3190102.35,9406331.49,11668164.42,12380101.06
screw_driver,15,28.25,2852914.13,3212063.06,9415776.29,11749699.18,12375395.88
screw_driver,15,28.3,2866519.08,3211362.67,9364555.07,11686893.62,12456724.0
screw_driver,15,28.35,2852052.03,3212549.85,9413374.45,11681315.14,12381070.82
screw_driver,15,28.4,2871003.87,3194927.21,9411259.77,11684292.74,12443245.96
screw_driver,15,28.45,2849172.87,3189689.8,9347486.16,11751720.38,12379415.96
screw_driver,15,28.5,2849408.93,3212030.26,9349783.44,11735466.1,12370094.03
screw_driver,15,28.55,2867950.18,3193295.56,9355746.68,11754608.4,12436015.44
screw_driver,15,28.6,2868903.67,3190918.54,9349866.75,11747629.84,12436674.04
screw_driver,15,28.65,2852181.64,3210277.82,9360893.32,11676571.37,12439644.15
screw_driver,15,28.7,2869774.0,3195402.73,9407602.71,11670046.18,12454677.0
screw_driver,15,28.75,2853079.34,3214896.72,9356745.89,11754568.22,12359997.68
screw_driver,15,28.8,2852343.83,3215031.15,9356051.2,11744908.34,12366004.41
screw_driver,15,28.85,2850902.92,3191685.1,9347943.0,11677673.28,12451779.22
screw_driver,15,28.9,2852148.97,3193038.21,9356530.18,11673962.1,12456783.43
screw_driver,15,28.95,2867495.48,3215258.81,9412586.86,11683203.32,12439411.38
screw_driver,15,29.0,2853379.67,3211570.37,9403995.48,11755620.16,12361499.19
screw_driver,15,29.05,2868388.49,3211725.21,9362741.61,11736588.35,12372931.67
screw_driver,15,29.1,2868962.66,3194183.75,9403740.41,11676952.6,12364679.11
screw_driver,15,29.15,2850275.74,3190755.59,9351359.61,11667685.46,12365916.18
screw_driver,15,29.2,2852245.52,3192446.13,9347128.15,11742823.02,12444870.12
screw_driver,15,29.25,2848405.27,3209245.16,9415396.27,11669002.02,12442152.47
screw_driver,15,29.3,2853265.06,3194509.15,9350616.56,11669355.23,12372316.6
screw_driver,15,29.35,2869826.06,3189969.56,9356604.8,11743835.71,12369772.93
screw_driver,15,29.4,2849184.79,3189793.19,9361038.93,11743346.84,12435410.96
screw_driver,15,29.45,2853289.13,3191577.56,9358079.59,11682611.16,12370869.54
screw_driver,15,29.5,2869808.96,3213907.1,9413901.31,11665080.4,12382487.42
screw_driver,15,29.55,2867892.28,3214094.17,9358039.59,11754153.12,12449084.75
screw_driver,15,29.6,2868521.44,3212429.82,9411289.0,11681859.35,12363539.94
screw_driver,15,29.65,2868413.55,3211783.46,9352311.21,11675501.14,12455252.98
screw_driver,15,29.7,2848725.37,3192813.5,9415850.28,11745751.64,12445865.04
screw_driver,15,29.75,2869258.75,3192028.19,9347516.9,11684577.38,12452091.75
screw_driver,15,29.8,2850374.74,3191456.54,9416879.06,11669733.55,12441637.57
screw_driver,15,29.85,2848441.5,3191545.26,9421970.3,11677390.82,12456591.67
screw_driver,15,29.9,2851437.93,3190317.75,9347860.71,11739594.74,12366412.12
screw_driver,15,29.95,2852677.14,3212675.88,9352957.51,11680886.04,12378623.07
screw_driver,16,30.0,2868993.36,3193900.57,9423802.19,11681565.6,12369697.1
screw_driver,16,30.05,2872322.07,3192379.1,9481106.61,11678620.85,12446362.25
screw_driver,16,30.1,2868023.84,3214445.11,9417292.38,11731973.74,12365908.95
screw_driver,16,30.15,2871780.74,3213863.37,9477438.29,11743217.81,12364774.06
screw_driver,16,30.2,2872407.14,3190868.77,9473975.3,11667605.56,12357308.65
screw_driver,16,30.25,2849852.8,3211452.61,9480342.44,11670618.56,12450699.15
screw_driver,16,30.3,2872398.9,3196329.39,9415893.58,11670572.0,12443521.31
screw_driver,16,30.35,2850646.7,3192203.66,9417553.44,11669762.81,12376725.86
screw_driver,16,30.4,2871051.27,3195494.99,9476052.63,11752970.91,12447817.75
screw_driver,16,30.45,2851834.89,3212858.17,9481857.27,11672898.58,12369636.5
screw_driver,16,30.5,2869921.57,3210518.11,9422355.51,11736108.51,12441087.93
screw_driver,16,30.55,2869578.62,3213312.28,9418992.85,11745834.98,12363429.83
screw_driver,16,30.6,2867657.73,3213919.95,9417842.8,11734857.89,12377547.62
screw_driver,16,30.65,2852684.31,3209699.66,9469851.0,11752087.67,12370002.33
screw_driver,16,30.7,2853328.92,3212915.45,9419185.88,11738108.96,12374733.31
screw_driver,16,30.75,2867089.21,3215197.75,9415234.66,11734445.46,12437895.91
screw_driver,16,30.8,2853553.18,3195979.71,9414967.95,11682457.66,12431259.05
screw_driver,16,30.85,2871038.26,3210429.48,9420376.44,11682983.22,12437949.34
screw_driver,16,30.9,2854244.07,3191633.9,9468147.35,11739012.42,12452333.57
screw_driver,16,30.95,2855084.93,3213512.86,9477725.73,11666877.96,12434524.66
screw_driver,16,31.0,2851168.36,3214906.89,9476564.4,11679804.26,12361891.23
screw_driver,16,31.05,2851699.3,3190473.58,9412419.21,11677106.5,12433156.09
screw_driver,16,31.1,2867405.13,3215409.9,9424038.85,11676036.74,12434713.43
screw_driver,16,31.15,2868956.31,3214428.26,9425158.14,11750969.9,12356879.4
screw_driver,16,31.2,2851516.47,3211750.99,9470233.77,11662540.14,12366768.08
screw_driver,16,31.25,2850723.12,3213080.46,9409540.4,11662502.95,12442149.2
screw_driver,16,31.3,2871354.06,3196350.35,9475198.8,11748542.54,12371817.07
screw_driver,16,31.35,2853982.04,3211265.96,9424762.27,11679166.64,12434281.1
screw_driver,16,31.4,2867534.65,3191108.01,9480285.39,11750700.3,12375160.77
screw_driver,16,31.45,2871643.28,3195142.96,9422773.11,11666185.96,12451340.23
screw_driver,16,31.5,2849591.13,3191134.01,9419395.2,11752439.07,12436908.3
screw_driver,16,31.55,2870396.13,3215281.75,9470977.44,11675322.99,12447565.82
screw_driver,16,31.6,2852491.92,3194967.63,9410670.39,11736153.58,12431348.03
screw_driver,16,31.65,2871997.57,3210469.44,9473566.02,11671679.87,12430293.9
screw_driver,16,31.7,2850276.69,3212717.41,9469056.78,11744064.27,12430780.8
screw_driver,16,31.75,2866769.79,3209540.24,9480720.85,11679126.92,12444096.29
screw_driver,16,31.8,2854940.29,3190863.71,9416242.01,11663129.79,12438216.91
screw_driver,16,31.85,2868237.98,3196299.54,9414410.63,11741001.53,12363363.95
screw_driver,16,31.9,2854250.46,3195634.22,9482820.73,11674850.38,12357759.82
screw_driver,16,31.95,2870034.82,3196017.38,9415377.6,11736943.9,12375650.59
screw_driver,17,32.0,2832818.25,3231922.28,9403292.56,11750744.61,12472144.71
screw_driver,17,32.05,2848744.45,3231888.59,9359569.4,11767802.71,12395957.46
screw_driver,17,32.1,2849182.29,3228775.74,9421376.86,11759553.6,12456346.86
screw_driver,17,32.15,2833673.25,3207646.44,9363118.32,11686712.62,12390212.1
screw_driver,17,32.2,2849721.65,3231360.15,9412491.57,11751764.3,12385729.97
screw_driver,17,32.25,2832529.7,3227057.6,9403514.64,11678219.43,12462959.04
screw_driver,17,32.3,2851042.07,3210917.08,9406229.33,11680274.49,12398386.0
screw_driver,17,32.35,2849687.39,3211504.24,9348566.11,11747677.2,12462902.59
screw_driver,17,32.4,2846459.07,3230169.36,9410289.28,11761433.48,12455366.1
screw_driver,17,32.45,2851047.09,3226358.5,9414109.65,11676391.86,12471711.73
screw_driver,17,32.5,2833654.02,3212269.42,9354880.17,11692910.54,12463426.09
screw_driver,17,32.55,2831226.42,3226559.91,9364800.16,11752059.92,12377423.07
screw_driver,17,32.6,2830103.11,3209794.5,9364403.49,11682526.05,12466008.62
screw_driver,17,32.65,2847613.75,3208212.49,9347526.73,11695023.93,12453205.58
screw_driver,17,32.7,2850791.0,3207141.72,9358839.06,11766365.45,12384075.64
screw_driver,17,32.75,2829186.27,3208101.82,9416262.33,11747831.59,12391777.92
screw_driver,17,32.8,2850474.69,3231204.9,9363609.23,11747147.31,12454860.02
screw_driver,17,32.85,2850378.86,3209467.61,9415146.07,11761108.02,12390836.51
screw_driver,17,32.9,2829652.46,3209245.63,9349186.32,11689263.31,12459353.6
screw_driver,17,32.95,2832690.75,3227968.44,9357457.44,11681406.55,12459339.38
screw_driver,17,33.0,2832491.68,3210545.07,9410428.29,11762804.29,12470669.88
screw_driver,17,33.05,2830409.65,3209148.02,9403764.32,11761761.2,12391765.05
screw_driver,17,33.1,2849539.02,3210835.35,9355719.47,11760938.72,12391569.3
screw_driver,17,33.15,2833597.45,3211073.57,9403656.52,11691942.08,12388191.4
screw_driver,17,33.2,2830475.61,3231445.85,9349575.83,11683604.12,12377556.65
screw_driver,17,33.25,2851390.62,3226332.56,9364476.94,11692126.92,12473784.3
screw_driver,17,33.3,2832573.3,3207619.53,9408322.16,11697996.53,12473040.95
screw_driver,17,33.35,2848007.63,3211914.65,9361344.54,11755515.02,12389338.39
screw_driver,17,33.4,2832149.33,3210573.07,9403403.77,11690765.78,12389516.31
screw_driver,17,33.45,2848218.38,3226720.72,9352757.89,11691987.59,12392007.69
screw_driver,17,33.5,2834350.87,3228765.46,9408664.86,11696986.79,12472592.78
screw_driver,17,33.55,2832251.26,3211815.58,9406472.7,11696510.21,12378703.94
screw_driver,17,33.6,2848842.99,3230631.59,9417520.74,11675677.9,12389078.27
screw_driver,17,33.65,2849786.3,3210252.71,9417418.69,11694696.78,12389624.11
screw_driver,17,33.7,2833410.92,3228758.05,9420949.52,11695503.32,12454222.52
screw_driver,17,33.75,2846348.66,3229368.32,9360269.36,11680344.42,12381835.5
screw_driver,17,33.8,2849119.72,3232165.83,9358870.1,11695653.91,12458906.73
screw_driver,17,33.85,2831023.38,3226633.71,9349620.3,11680765.94,12398302.29
screw_driver,17,33.9,2849929.85,3231766.63,9406109.05,11746526.29,12460039.8
screw_driver,17,33.95,2832088.45,3209170.69,9347492.76,11688495.74,12456780.43
screw_driver,18,34.0,2849867.78,3214937.98,9472385.59,11625166.2,12381894.49
screw_driver,18,34.05,2832161.27,3234665.98,9417566.38,11626210.01,12455252.86
screw_driver,18,34.1,2848296.49,3234872.59,9481575.98,11615273.3,12453761.99
screw_driver,18,34.15,2846591.04,3210708.67,9487983.95,11682342.34,12438260.72
screw_driver,18,34.2,2846816.53,3229306.25,9431733.68,11680062.33,12441608.75
screw_driver,18,34.25,2845869.4,3213854.02,9419782.07,11681846.48,12436291.66
screw_driver,18,34.3,2833562.32,3209551.53,9479942.54,11683574.85,12453251.69
screw_driver,18,34.35,2832259.46,3210850.63,9416077.39,11692498.58,12373071.8
screw_driver,18,34.4,2829204.86,3233005.55,9486489.29,11685081.95,12382808.77
screw_driver,18,34.45,2846743.26,3232332.38,9480773.84,11679036.97,12445975.07
screw_driver,18,34.5,2831290.27,3231370.83,9485938.57,11610149.77,12366208.25
screw_driver,18,34.55,2832074.84,3212533.15,9432533.26,11611790.81,12436195.87
screw_driver,18,34.6,2828264.18,3211434.01,9428323.68,11629228.87,12453113.31
screw_driver,18,34.65,2833489.25,3234709.76,9489637.51,11627314.79,12445849.88
screw_driver,18,34.7,2847133.37,3214658.12,9421076.06,11611681.94,12362418.72
screw_driver,18,34.75,2833468.44,3231253.32,9473430.18,11678102.75,12370745.54
screw_driver,18,34.8,2848584.63,3212813.34,9429674.39,11607066.95,12435763.89
screw_driver,18,34.85,2846706.73,3214663.3,9416809.01,11607253.8,12438055.19
screw_driver,18,34.9,2846809.36,3214095.39,9432701.54,11679350.09,12366742.72
screw_driver,18,34.95,2829539.88,3210817.27,9478250.48,11679314.0,12359534.45
screw_driver,18,35.0,2848986.62,3232190.1,9481321.87,11615374.02,12440776.97
screw_driver,18,35.05,2846843.39,3230719.28,9421037.1,11676846.75,12381695.64
screw_driver,18,35.1,2847929.9,3233380.45,9483303.2,11616124.42,12376873.96
screw_driver,18,35.15,2830897.47,3210875.48,9482472.32,11608425.57,12370096.71
screw_driver,18,35.2,2847707.52,3234523.8,9473533.96,11619774.15,12448234.31
screw_driver,18,35.25,2829562.28,3213330.06,9418645.63,11611225.09,12444607.64
screw_driver,18,35.3,2848945.45,3211606.17,9491135.09,11609482.88,12360068.05
screw_driver,18,35.35,2832152.57,3214674.9,9426127.89,11680124.88,12378143.31
screw_driver,18,35.4,2846643.7,3233079.72,9428782.4,11681273.63,12442546.18
screw_driver,18,35.45,2850224.26,3209860.41,9476624.46,11689542.62,12373653.12
screw_driver,18,35.5,2845285.99,3215323.16,9430735.54,11623240.01,12383955.35
screw_driver,18,35.55,2848550.86,3230359.54,9418348.06,11686485.1,12455703.24
screw_driver,18,35.6,2849613.29,3232806.12,9482929.57,11687414.0,12449002.0
screw_driver,18,35.65,2848460.55,3232896.12,9422310.34,11623544.35,12374104.33
screw_driver,18,35.7,2845491.0,3211482.22,9423114.43,11687846.46,12453494.68
screw_driver,18,35.75,2850453.33,3229293.6,9483941.87,11686621.79,12376752.76
screw_driver,18,35.8,2829139.9,3213346.26,9432158.75,11619605.66,12366736.84
screw_driver,18,35.85,2850433.05,3211323.08,9429954.05,11676995.6,12368146.94
screw_driver,18,35.9,2847251.12,3232246.82,9488531.25,11628740.08,12379691.67
screw_driver,18,35.95,2845473.02,3233753.71,9429834.07,11682832.56,12362910.85
screw_driver,19,36.0,2865693.99,3213912.47,9419117.86,11623713.1,12454026.64
screw_driver,19,36.05,2865549.37,3230497.58,9356746.94,11683282.29,12453809.47
screw_driver,19,36.1,2849471.2,3233063.86,9363283.76,11697907.67,12462555.29
screw_driver,19,36.15,2846933.52,3209249.7,9419936.84,11680556.95,12445438.74
screw_driver,19,36.2,2851211.03,3211961.93,9357196.63,11682433.04,12381560.76
screw_driver,19,36.25,2848753.21,3229237.88,9355783.24,11631274.88,12446552.2
screw_driver,19,36.3,2866265.57,3233434.4,9353999.81,11690755.03,12462965.3
screw_driver,19,36.35,2867985.34,3210257.02,9358977.2,11680314.71,12447710.95
screw_driver,19,36.4,2865076.75,3231770.6,9416215.39,11619050.46,12387603.7
screw_driver,19,36.45,2847278.19,3232643.36,9356963.38,11683792.3,12393918.21
screw_driver,19,36.5,2866075.33,3233385.35,9356389.3,11693243.21,12378064.92
screw_driver,19,36.55,2863787.83,3232900.13,9420922.37,11620020.18,12462049.27
screw_driver,19,36.6,2847172.36,3232823.85,9353917.51,11626955.47,12375032.16
screw_driver,19,36.65,2868467.8,3230995.24,9417270.17,11608627.51,12446254.77
screw_driver,19,36.7,2866478.84,3229559.99,9423909.36,11696395.54,12445577.32
screw_driver,19,36.75,2866419.62,3211540.27,9422287.5,11681006.12,12461953.8
screw_driver,19,36.8,2852093.29,3229303.32,9411012.6,11610574.44,12382588.92
screw_driver,19,36.85,2852108.27,3229101.77,9424741.93,11621019.22,12465708.95
screw_driver,19,36.9,2868575.11,3214535.43,9359899.47,11614963.34,12454222.44
screw_driver,19,36.95,2851777.39,3229124.97,9419261.74,11697578.06,12377977.8
screw_driver,19,37.0,2849376.14,3214496.18,9353804.73,11685135.26,12449077.8
screw_driver,19,37.05,2867992.84,3214266.22,9427281.37,11700317.42,12464155.0
screw_driver,19,37.1,2847339.38,3230092.56,9357914.6,11622260.23,12459927.35
screw_driver,19,37.15,2849342.33,3209513.74,9366326.79,11700701.53,12387941.05
screw_driver,19,37.2,2847045.71,3230593.18,9428650.76,11630102.95,12393464.62
screw_driver,19,37.25,2864653.8,3210515.46,9421338.25,11622178.79,12386834.77
screw_driver,19,37.3,2849614.86,3234444.79,9425900.24,11613572.9,12385414.48
screw_driver,19,37.35,2851009.61,3232470.58,9362102.28,11627643.54,12391453.62
screw_driver,19,37.4,2848227.97,3233276.07,9361314.78,11689858.17,12371164.47
screw_driver,19,37.45,2852004.27,3234325.31,9417244.99,11686416.34,12389684.57
screw_driver,19,37.5,2864388.43,3233126.06,9411189.76,11682032.0,12391900.44
screw_driver,19,37.55,2865131.49,3214557.77,9410098.7,11678427.14,12454271.91
screw_driver,19,37.6,2847788.51,3230303.9,9371483.49,11619090.16,12460437.08
screw_driver,19,37.65,2848367.18,3209464.03,9420021.36,11699751.48,12466021.55
screw_driver,19,37.7,2865432.66,3211412.53,9356791.56,11688069.61,12371531.53
screw_driver,19,37.75,2849593.79,3212209.52,9366319.95,11618026.05,12450507.81
screw_driver,19,37.8,2847546.52,3210100.18,9412633.74,11630198.59,12386666.1
screw_driver,19,37.85,2846497.96,3228375.01,9355745.34,11699625.8,12374169.23
screw_driver,19,37.9,2849657.35,3234231.23,9358827.36,11692073.41,12383244.02
screw_driver,19,37.95,2847636.12,3211961.56,9415102.55,11626865.3,12389761.1
screw_driver,20,38.0,2848039.94,3192889.07,9480163.43,11672606.13,12517325.24
screw_driver,20,38.05,2865453.84,3209933.42,9438394.34,11693388.86,12531502.5
screw_driver,20,38.1,2865970.83,3190900.76,9428544.16,11681741.01,12528038.16
screw_driver,20,38.15,2869687.86,3192428.4,9479831.71,11751408.71,12518959.82
screw_driver,20,38.2,2850845.95,3192264.0,9479820.34,11751909.7,12513059.28
screw_driver,20,38.25,2846945.2,3193449.7,9433300.77,11685310.62,12447216.11
screw_driver,20,38.3,2866205.82,3192133.39,9426967.48,11673080.0,12524086.01
screw_driver,20,38.35,2864926.52,3193276.62,9438172.07,11754814.23,12516286.24
screw_driver,20,38.4,2847374.14,3192103.49,9430675.56,11676354.71,12526121.35
screw_driver,20,38.45,2848500.41,3193314.19,9436955.7,11691956.11,12453078.76
screw_driver,20,38.5,2866671.76,3211137.71,9489193.46,11692021.81,12526479.32
screw_driver,20,38.55,2851910.67,3188841.22,9423605.49,11746382.38,12440092.8
screw_driver,20,38.6,2850924.27,3191959.9,9485506.4,11743209.15,12522247.89
screw_driver,20,38.65,2866040.36,3190208.73,9436532.31,11762750.05,12531377.45
screw_driver,20,38.7,2868165.78,3187826.82,9432271.44,11751455.97,12442206.94
screw_driver,20,38.75,2866863.91,3192941.58,9431602.5,11764397.13,12433884.66
screw_driver,20,38.8,2848288.59,3190944.21,9494004.63,11762622.5,12522223.07
screw_driver,20,38.85,2864951.89,3192496.84,9481197.82,11746436.99,12525810.58
screw_driver,20,38.9,2866306.15,3208839.45,9438352.73,11757006.73,12513012.9
screw_driver,20,38.95,2864769.94,3207662.11,9420416.22,11751849.21,12435993.5
screw_driver,20,39.0,2866213.99,3187311.01,9427408.21,11763264.84,12531713.68
screw_driver,20,39.05,2848518.16,3209064.24,9487806.17,11676709.18,12457423.13
screw_driver,20,39.1,2848973.41,3210189.29,9483954.26,11763388.27,12446979.12
screw_driver,20,39.15,2851987.1,3187670.57,9428717.9,11687483.58,12436400.69
screw_driver,20,39.2,2867010.81,3193142.9,9477195.39,11760017.26,12444758.78
screw_driver,20,39.25,2851388.64,3211975.75,9487585.94,11749203.86,12435964.74
screw_driver,20,39.3,2865692.82,3212840.03,9426368.12,11682953.65,12515414.81
screw_driver,20,39.35,2850490.99,3191474.24,9484390.61,11762459.1,12454506.59
screw_driver,20,39.4,2848879.63,3191471.03,9432469.15,11671453.51,12519410.44
screw_driver,20,39.45,2864590.24,3209076.45,9487557.36,11684126.99,12453538.69
screw_driver,20,39.5,2868488.26,3192726.26,9494910.72,11755495.59,12449751.23
screw_driver,20,39.55,2868132.5,3208001.79,9433166.21,11675270.81,12443249.62
screw_driver,20,39.6,2868963.43,3188254.34,9428005.45,11686298.7,12454958.14
screw_driver,20,39.65,2850793.48,3187582.12,9433404.31,11764104.71,12531507.43
screw_driver,20,39.7,2869140.14,3190696.79,9430114.67,11680294.85,12515550.37
screw_driver,20,39.75,2869627.18,3189415.85,9430998.16,11758259.03,12514508.86
screw_driver,20,39.8,2848148.56,3210419.49,9424708.55,11742232.86,12452164.86
screw_driver,20,39.85,2847473.89,3190717.81,9494440.43,11690765.71,12456304.01
screw_driver,20,39.9,2869396.75,3191433.72,9430384.81,11750184.57,12521125.94
screw_driver,20,39.95,2866839.81,3192189.15,9476707.16,11750940.1,12438278.59
screw_driver,21,40.0,2852916.91,3212234.75,9367254.44,11683935.94,12445383.28
screw_driver,21,40.05,2848996.42,3192211.02,9432089.81,11592999.35,12448414.39
screw_driver,21,40.1,2832914.04,3210910.43,9375843.22,11607502.58,12439658.2
screw_driver,21,40.15,2848490.22,3195424.46,9371886.87,11607462.18,12358323.31
screw_driver,21,40.2,2834889.51,3210342.73,9422750.53,11663161.75,12433111.89
screw_driver,21,40.25,2833030.5,3212323.59,9367955.42,11608101.58,12430667.88
screw_driver,21,40.3,2832463.24,3192350.47,9378526.86,11599186.14,12442205.81
screw_driver,21,40.35,2849448.49,3211038.66,9379603.41,11614337.05,12436414.75
screw_driver,21,40.4,2835261.69,3189341.79,9435596.11,11670317.04,12359111.11
screw_driver,21,40.45,2848866.17,3210379.41,9424894.72,11669398.02,12368747.01
screw_driver,21,40.5,2852556.09,3210490.52,9374837.64,11678176.19,12447924.25
screw_driver,21,40.55,2832032.71,3213599.17,9430899.35,11671750.19,12375125.09
screw_driver,21,40.6,2835884.72,3190472.19,9366878.18,11611163.49,12450004.79
screw_driver,21,40.65,2836438.99,3189648.05,9419607.29,11615641.55,12359875.97
screw_driver,21,40.7,2851706.0,3210558.27,9433966.64,11612018.7,12374169.68
screw_driver,21,40.75,2853545.93,3214678.29,9424382.96,11605416.77,12440071.76
screw_driver,21,40.8,2852336.71,3209167.3,9422560.23,11605524.38,12444495.89
screw_driver,21,40.85,2836175.13,3213584.62,9370297.77,11595052.06,12364783.87
screw_driver,21,40.9,2832277.34,3208381.39,9421892.13,11685489.97,12432506.55
screw_driver,21,40.95,2852621.48,3213691.04,9377442.69,11677770.1,12361112.07
screw_driver,21,41.0,2848771.63,3194519.84,9367788.71,11593412.71,12434640.73
screw_driver,21,41.05,2836160.5,3191438.9,9363892.26,11595535.87,12362375.57
screw_driver,21,41.1,2849485.61,3195197.37,9367049.45,11601145.08,12434256.36
screw_driver,21,41.15,2850826.77,3190196.85,9381318.67,11593445.57,12432444.88
screw_driver,21,41.2,2832578.44,3210192.0,9378158.88,11681756.9,12363439.46
screw_driver,21,41.25,2851682.83,3212150.35,9378593.28,11670281.16,12376277.1
screw_driver,21,41.3,2848575.09,3213755.17,9370320.98,11613406.33,12356397.86
screw_driver,21,41.35,2834672.03,3190204.75,9432572.9,11596795.18,12357172.51
screw_driver,21,41.4,2848193.79,3190406.78,9364859.34,11663230.11,12375436.07
screw_driver,21,41.45,2848315.53,3189354.27,9429220.8,11679009.1,12429517.25
screw_driver,21,41.5,2832749.96,3213103.68,9375537.97,11672763.79,12360328.6
screw_driver,21,41.55,2831048.72,3213629.01,9421899.91,11673510.87,12428016.45
screw_driver,21,41.6,2850814.87,3193451.41,9366123.8,11603207.39,12438803.77
screw_driver,21,41.65,2852971.37,3194326.56,9369086.26,11593701.62,12441131.49
screw_driver,21,41.7,2831535.05,3212144.29,9377189.97,11677551.08,12357553.4
screw_driver,21,41.75,2852492.33,3212085.1,9365233.94,11669999.84,12355894.53
screw_driver,21,41.8,2835999.35,3210142.46,9422283.82,11610333.32,12372902.87
screw_driver,21,41.85,2834721.17,3193793.94,9437939.7,11611762.76,12448266.05
screw_driver,21,41.9,2830965.14,3190995.43,9426788.23,11680951.66,12435801.08
screw_driver,21,41.95,2849799.19,3214420.96,9437013.1,11681700.86,12373624.22
screw_driver,22,42.0,2832593.78,3231695.73,9362037.19,11735927.95,12466120.47
screw_driver,22,42.05,2849840.11,3213630.5,9369171.87,11744063.34,12399479.56
screw_driver,22,42.1,2833305.16,3229483.1,9421497.17,11747755.19,12389743.63
screw_driver,22,42.15,2847741.23,3211041.02,9424963.8,11748735.72,12467520.18
screw_driver,22,42.2,2848717.69,3208207.83,9420920.34,11676478.16,12463423.93
screw_driver,22,42.25,2831915.6,3227227.26,9372334.84,11664939.24,12470977.67
screw_driver,22,42.3,2849901.48,3208831.15,9432694.32,11665022.09,12387326.01
screw_driver,22,42.35,2846049.63,3211947.8,9418262.52,11741043.04,12469243.95
screw_driver,22,42.4,2847399.54,3212249.25,9357773.92,11733548.83,12460850.55
screw_driver,22,42.45,2832716.42,3212346.74,9422976.35,11678872.6,12466629.81
screw_driver,22,42.5,2847686.57,3210111.72,9422863.17,11664265.87,12378762.75
screw_driver,22,42.55,2832644.8,3212610.82,9376063.71,11729606.45,12375348.34
screw_driver,22,42.6,2829105.52,3210810.68,9414229.82,11661283.32,12463584.94
screw_driver,22,42.65,2848511.81,3229150.64,9419749.84,11729353.68,12377733.59
screw_driver,22,42.7,2850051.57,3233561.27,9373078.32,11662973.66,12468935.16
screw_driver,22,42.75,2830680.8,3230581.46,9427761.33,11746859.16,12395999.33
screw_driver,22,42.8,2829689.88,3210738.75,9362970.14,11681656.25,12454834.65
screw_driver,22,42.85,2831977.76,3229348.51,9416605.31,11743049.86,12399993.42
screw_driver,22,42.9,2834057.64,3228769.68,9430453.22,11674483.07,12397056.86
screw_driver,22,42.95,2830117.71,3210814.92,9432342.2,11668912.26,12456544.59
screw_driver,22,43.0,2830791.74,3208262.15,9426500.3,11666449.56,12459425.81
screw_driver,22,43.05,2834209.97,3228619.76,9368782.1,11746452.84,12457375.83
screw_driver,22,43.1,2846363.96,3232297.09,9423138.45,11735029.05,12471211.24
screw_driver,22,43.15,2829296.95,3228157.83,9420233.75,11748909.12,12399949.1
screw_driver,22,43.2,2849613.88,3214029.66,9370617.3,11747999.7,12375879.08
screw_driver,22,43.25,2848665.08,3231341.9,9421735.86,11749149.54,12466694.19
screw_driver,22,43.3,2850797.14,3207908.88,9360905.31,11661241.32,12398554.65
screw_driver,22,43.35,2834043.33,3227717.68,9358792.56,11664292.17,12464408.42
screw_driver,22,43.4,2848427.33,3230478.32,9363546.25,11658727.86,12468525.78
screw_driver,22,43.45,2847337.17,3209085.43,9429039.78,11662407.04,12473037.86
screw_driver,22,43.5,2850513.19,3208656.03,9415186.76,11748831.74,12386137.05
screw_driver,22,43.55,2848993.99,3230518.47,9420278.58,11678650.99,12460364.4
screw_driver,22,43.6,2832313.57,3207989.79,9374864.33,11664349.04,12455164.26
screw_driver,22,43.65,2834124.5,3211858.64,9365637.98,11743820.8,12461560.11
screw_driver,22,43.7,2832283.38,3208454.32,9369329.48,11751885.99,12466521.97
screw_driver,22,43.75,2833765.53,3210014.85,9431319.16,11660319.05,12453669.78
screw_driver,22,43.8,2849616.43,3214127.82,9365094.21,11680831.91,12380615.87
screw_driver,22,43.85,2828960.51,3231042.41,9423291.55,11738383.38,12453266.65
screw_driver,22,43.9,2846954.18,3209640.05,9373238.03,11667702.66,12398129.49
screw_driver,22,43.95,2847283.27,3209794.68,9417075.01,11660006.79,12383170.67
screw_driver,23,44.0,2847238.68,3215213.25,9362935.35,11679772.56,12436841.14
screw_driver,23,44.05,2865996.71,3229027.55,9356353.62,11597890.67,12516206.45
screw_driver,23,44.1,2867512.82,3211213.19,9363885.32,11681193.57,12449666.24
screw_driver,23,44.15,2851178.58,3234374.25,9406402.28,11671716.34,12509738.09
screw_driver,23,44.2,2865159.5,3212086.35,9356289.99,11670578.42,12449569.96
screw_driver,23,44.25,2869900.91,3233070.9,9350092.03,11615572.02,12437834.24
screw_driver,23,44.3,2866205.15,3209986.06,9349689.15,11612079.61,12441041.22
screw_driver,23,44.35,2867283.62,3232109.34,9357406.25,11593835.23,12524860.02
screw_driver,23,44.4,2869345.35,3233443.77,9407947.17,11605383.09,12447647.81
screw_driver,23,44.45,2869799.77,3209217.27,9406586.74,11599704.06,12450012.28
screw_driver,23,44.5,2851925.34,3213676.27,9408698.41,11668059.4,12444670.62
screw_driver,23,44.55,2865222.42,3210225.13,9420842.63,11683029.77,12521805.37
screw_driver,23,44.6,2850128.71,3213283.81,9415395.23,11673516.04,12513114.96
screw_driver,23,44.65,2850948.6,3229947.08,9359121.95,11603484.04,12429759.13
screw_driver,23,44.7,2865009.02,3231814.52,9417362.26,11598124.41,12508512.17
screw_driver,23,44.75,2869372.79,3231560.96,9407634.14,11605092.2,12504880.83
screw_driver,23,44.8,2868570.94,3231634.69,9415220.08,11604880.12,12446032.4
screw_driver,23,44.85,2849311.71,3232978.61,9360617.39,11606643.29,12451818.03
screw_driver,23,44.9,2867056.32,3230236.73,9411497.08,11608604.57,12448356.76
screw_driver,23,44.95,2852357.66,3229753.37,9358685.12,11605525.03,12428956.08
screw_driver,23,45.0,2848281.22,3213645.91,9420378.35,11600903.99,12514253.27
screw_driver,23,45.05,2868012.03,3234073.5,9415007.41,11679739.49,12510739.7
screw_driver,23,45.1,2865265.37,3214556.78,9404607.12,11682394.33,12450548.91
screw_driver,23,45.15,2864557.8,3234585.27,9363917.92,11684458.63,12446137.27
screw_driver,23,45.2,2868971.34,3233352.77,9363203.17,11602865.89,12447488.79
screw_driver,23,45.25,2847591.48,3210627.48,9363662.23,11677418.44,12450787.01
screw_driver,23,45.3,2864452.25,3211742.48,9347491.19,11677630.98,12513581.94
screw_driver,23,45.35,2867862.39,3209371.21,9414074.07,11674922.63,12439115.11
screw_driver,23,45.4,2851485.74,3232438.88,9416082.8,11610124.09,12508394.54
screw_driver,23,45.45,2864486.46,3210836.29,9356318.4,11602140.71,12514610.88
screw_driver,23,45.5,2847359.93,3210802.94,9351923.73,11669944.26,12506879.99
screw_driver,23,45.55,2850647.9,3214110.01,9351285.75,11601605.13,12504175.6
screw_driver,23,45.6,2865134.57,3232696.59,9411408.38,11668376.96,12515052.12
screw_driver,23,45.65,2852093.62,3209978.81,9419609.39,11613037.02,12433645.88
screw_driver,23,45.7,2869441.36,3230033.47,9350145.71,11664599.0,12523544.02
screw_driver,23,45.75,2852794.75,3211658.6,9413053.89,11677885.29,12513880.95
screw_driver,23,45.8,2850015.03,3233990.49,9359194.99,11680650.55,12436398.35
screw_driver,23,45.85,2852693.39,3211271.95,9358036.44,11599603.67,12441951.39
screw_driver,23,45.9,2864527.82,3210356.5,9411778.2,11614859.63,12505782.02
screw_driver,23,45.95,2866183.2,3229023.15,9408824.24,11608700.41,12511494.18
screw_driver,24,46.0,2864325.18,3190610.53,9413333.34,11673086.33,12461919.11
screw_driver,24,46.05,2863753.5,3191386.18,9420907.75,11665640.56,12376863.58
screw_driver,24,46.1,2864857.32,3189337.1,9416228.32,11687664.21,12379907.43
screw_driver,24,46.15,2864456.05,3208285.45,9358474.68,11746245.4,12457021.68
screw_driver,24,46.2,2846363.55,3194961.26,9420052.96,11673916.47,12449879.92
screw_driver,24,46.25,2866463.9,3213141.49,9411636.12,11687050.21,12445307.35
screw_driver,24,46.3,2846983.42,3194850.45,9414224.69,11750392.3,12440845.49
screw_driver,24,46.35,2868122.09,3193499.26,9363251.74,11751049.4,12381244.51
screw_driver,24,46.4,2867128.75,3210035.73,9351735.21,11669630.32,12460923.62
screw_driver,24,46.45,2865851.18,3211249.36,9361162.7,11669087.14,12385933.5
screw_driver,24,46.5,2867851.86,3210137.39,9406837.84,11671177.48,12458262.12
screw_driver,24,46.55,2850012.76,3208205.94,9352920.45,11740790.97,12442942.2
screw_driver,24,46.6,2847024.25,3189063.06,9415092.68,11687051.92,12382754.68
screw_driver,24,46.65,2865498.57,3208860.95,9360377.3,11681064.04,12445255.95
screw_driver,24,46.7,2849833.24,3192019.45,9357575.85,11669795.34,12367310.38
screw_driver,24,46.75,2868384.36,3189267.75,9415363.62,11747506.63,12384507.45
screw_driver,24,46.8,2863947.23,3211553.51,9357250.67,11687318.57,12449996.38
screw_driver,24,46.85,2848280.32,3209713.65,9364882.24,11741661.73,12385277.02
screw_driver,24,46.9,2847999.91,3210013.77,9407542.46,11746774.44,12384433.37
screw_driver,24,46.95,2849612.84,3193762.96,9407267.47,11685412.96,12440377.15
screw_driver,24,47.0,2851328.89,3189698.13,9415161.48,11748245.88,12365144.95
screw_driver,24,47.05,2849073.09,3211155.59,9417087.13,11688203.29,12462931.76
screw_driver,24,47.1,2850177.45,3208256.68,9352141.81,11752863.1,12365975.25
screw_driver,24,47.15,2865156.44,3191531.64,9364359.28,11751173.99,12451651.4
screw_driver,24,47.2,2849321.39,3194771.03,9421800.88,11683081.2,12377627.17
screw_driver,24,47.25,2845998.39,3193122.19,9417230.29,11674780.98,12452051.11
screw_driver,24,47.3,2866261.26,3192273.53,9422504.74,11758618.01,12383990.89
screw_driver,24,47.35,2850496.12,3208155.82,9358551.77,11685416.11,12386368.61
screw_driver,24,47.4,2863369.81,3211844.54,9420526.18,11749065.1,12372677.12
screw_driver,24,47.45,2863906.86,3193590.18,9415836.32,11686144.1,12370095.99
screw_driver,24,47.5,2866588.75,3212205.15,9354268.69,11741221.54,12451688.11
screw_driver,24,47.55,2867857.97,3208818.9,9350100.65,11740656.04,12374355.28
screw_driver,24,47.6,2849685.29,3209066.43,9352991.48,11750186.35,12373149.79
screw_driver,24,47.65,2850990.94,3212738.32,9408766.23,11749306.75,12372379.31
screw_driver,24,47.7,2849455.54,3190596.74,9423707.06,11738222.25,12438950.89
screw_driver,24,47.75,2863589.06,3190983.23,9357402.8,11680616.07,12371246.84
screw_driver,24,47.8,2847780.7,3191228.42,9409980.93,11746442.45,12369419.87
screw_driver,24,47.85,2849592.45,3209034.81,9422339.35,11752886.06,12459202.04
screw_driver,24,47.9,2866857.15,3189609.25,9420088.69,11686439.64,12463420.77
screw_driver,24,47.95,2849433.79,3190926.95,9409233.4,11754991.5,12444526.67
screw_driver,25,48.0,2837536.1,3188921.39,9367245.86,11675379.25,12507078.66
screw_driver,25,48.05,2854531.24,3188007.58,9369666.26,11759215.96,12448419.24
screw_driver,25,48.1,2838343.37,3187435.97,9424764.76,11758956.41,12437258.76
screw_driver,25,48.15,2853803.82,3187399.69,9360749.12,11756042.22,12505895.94
screw_driver,25,48.2,2850070.86,3189455.52,9365364.33,11759481.02,12523373.83
screw_driver,25,48.25,2836080.4,3185142.77,9357221.35,11764544.92,12526820.02
screw_driver,25,48.3,2851982.96,3186582.95,9358070.86,11673242.88,12517344.57
screw_driver,25,48.35,2853646.59,3190385.19,9411804.05,11759794.36,12518061.95
screw_driver,25,48.4,2835251.53,3204679.67,9426491.66,11684933.9,12436214.91
screw_driver,25,48.45,2834115.85,3209776.59,9413587.38,11674710.26,12439173.86
screw_driver,25,48.5,2836228.84,3204273.8,9410982.43,11675019.99,12506306.84
screw_driver,25,48.55,2837952.93,3190059.94,9368166.88,11689695.58,12518487.43
screw_driver,25,48.6,2833759.92,3209903.75,9428871.35,11744704.66,12517703.9
screw_driver,25,48.65,2854152.22,3190273.19,9414177.07,11677129.78,12515583.57
screw_driver,25,48.7,2854511.61,3185854.15,9413537.33,11693199.94,12525449.48
screw_driver,25,48.75,2833743.36,3186136.01,9369881.99,11686373.9,12445243.22
screw_driver,25,48.8,2853690.08,3208830.1,9428308.14,11747377.45,12525398.65
screw_driver,25,48.85,2850653.16,3206178.61,9368271.41,11689220.1,12509430.32
screw_driver,25,48.9,2852701.71,3206797.54,9414154.05,11764525.1,12442301.7
screw_driver,25,48.95,2853897.64,3189083.06,9427953.69,11755125.04,12450565.64
screw_driver,25,49.0,2835260.57,3205356.32,9367573.19,11686491.32,12520192.52
screw_driver,25,49.05,2835289.82,3185096.35,9367609.1,11683596.11,12521959.47
screw_driver,25,49.1,2853334.22,3189109.66,9420271.7,11752714.09,12447712.45
screw_driver,25,49.15,2852315.37,3189554.74,9416190.88,11675612.89,12442216.24
screw_driver,25,49.2,2834993.81,3206666.16,9357361.55,11759770.57,12446432.43
screw_driver,25,49.25,2833593.6,3189903.64,9421932.09,11675610.62,12525690.93
screw_driver,25,49.3,2849984.11,3187049.66,9414435.43,11674824.74,12440854.9
screw_driver,25,49.35,2850908.12,3190560.45,9421133.34,11688135.39,12447961.41
screw_driver,25,49.4,2850619.0,3188594.36,9427600.05,11683877.33,12524605.61
screw_driver,25,49.45,2852002.41,3204184.77,9415515.24,11684663.85,12504916.22
screw_driver,25,49.5,2853810.92,3186068.18,9419249.38,11743963.62,12519188.39
screw_driver,25,49.55,2851555.82,3208948.41,9427539.92,11757847.28,12429083.78
screw_driver,25,49.6,2853870.51,3185739.98,9415859.25,11675753.12,12452115.56
screw_driver,25,49.65,2850792.86,3189541.86,9364061.52,11755148.78,12514199.39
screw_driver,25,49.7,2854429.52,3189251.88,9357188.96,11747415.22,12443592.13
screw_driver,25,49.75,2835369.29,3205873.29,9358250.57,11696314.66,12526962.61
screw_driver,25,49.8,2837185.64,3190429.84,9424725.62,11679202.08,12448454.95
screw_driver,25,49.85,2833735.76,3186226.07,9428630.53,11747838.49,12508809.76
screw_driver,25,49.9,2834351.33,3204095.43,9428345.54,11762195.06,12509516.44
screw_driver,25,49.95,2851680.18,3185647.12,9414838.38,11756227.33,12435371.17
screw_driver,26,50.0,2847728.79,3189526.47,9472604.35,11746018.87,12538433.19
screw_driver,26,50.05,2848449.27,3210872.29,9410671.8,11744616.6,12451231.33
screw_driver,26,50.1,2850023.73,3188642.3,9410025.24,11672639.79,12523813.18
screw_driver,26,50.15,2869067.6,3187354.1,9409944.17,11681251.19,12450655.92
screw_driver,26,50.2,2850076.0,3187407.13,9465867.1,11684962.71,12452869.55
screw_driver,26,50.25,2864293.03,3190958.43,9472767.83,11741004.73,12452394.36
screw_driver,26,50.3,2867594.49,3192605.7,9478122.78,11744037.44,12456252.26
screw_driver,26,50.35,2864070.37,3212110.59,9475672.88,11754579.9,12522530.16
screw_driver,26,50.4,2864059.17,3206462.45,9473302.51,11737749.35,12469430.4
screw_driver,26,50.45,2849391.31,3211563.13,9468524.0,11735750.29,12543993.26
screw_driver,26,50.5,2868672.51,3190793.44,9478261.73,11666134.33,12538658.4
screw_driver,26,50.55,2865221.6,3188742.51,9411671.41,11755641.91,12542342.2
screw_driver,26,50.6,2867349.57,3211995.27,9424843.44,11668531.01,12538114.12
screw_driver,26,50.65,2848091.74,3211066.65,9464767.27,11679486.65,12536864.93
screw_driver,26,50.7,2864250.04,3210609.89,9475780.84,11681575.01,12459235.72
screw_driver,26,50.75,2869122.74,3193003.29,9472989.75,11664964.01,12541192.78
screw_driver,26,50.8,2846357.67,3210671.54,9408423.17,11756403.81,12541021.02
screw_driver,26,50.85,2846533.56,3209519.1,9425507.97,11753937.04,12471147.88
screw_driver,26,50.9,2849374.04,3192119.19,9414656.85,11671765.2,12463576.31
screw_driver,26,50.95,2851875.03,3209071.56,9409564.25,11679666.08,12461526.84
screw_driver,26,51.0,2866176.38,3209193.55,9477142.35,11756464.67,12457605.68
screw_driver,26,51.05,2865768.83,3209178.81,9424293.09,11753505.54,12540670.95
screw_driver,26,51.1,2865375.42,3190872.23,9419252.4,11749163.87,12468595.48
screw_driver,26,51.15,2864194.72,3193265.56,9420081.64,11671187.33,12457037.9
screw_driver,26,51.2,2850860.01,3188988.16,9474879.33,11666750.8,12458744.53
screw_driver,26,51.25,2868328.34,3212441.42,9464145.12,11673441.02,12536912.57
screw_driver,26,51.3,2849924.75,3189443.71,9474157.08,11747093.42,12449408.08
screw_driver,26,51.35,2848605.84,3211195.56,9467487.71,11747998.1,12452985.82
screw_driver,26,51.4,2851815.65,3211843.21,9415698.99,11737867.38,12526359.99
screw_driver,26,51.45,2868865.24,3192722.74,9416389.36,11742275.01,12523675.58
screw_driver,26,51.5,2851416.59,3208508.93,9423019.46,11681651.85,12459846.55
screw_driver,26,51.55,2867584.02,3207610.03,9472119.37,11747700.89,12538727.86
screw_driver,26,51.6,2849724.0,3189643.78,9471030.73,11736687.91,12529587.2
screw_driver,26,51.65,2865622.77,3192274.04,9480983.03,11680143.58,12467152.12
screw_driver,26,51.7,2849106.78,3191056.46,9477266.26,11751453.95,12452601.88
screw_driver,26,51.75,2864505.67,3209791.34,9420015.83,11673924.19,12533176.92
screw_driver,26,51.8,2865082.44,3209027.56,9423583.48,11682540.59,12534118.4
screw_driver,26,51.85,2848025.38,3209045.82,9412775.57,11735438.06,12522736.11
screw_driver,26,51.9,2867131.42,3206678.93,9478146.53,11680585.8,12522651.05
screw_driver,26,51.95,2867838.24,3209152.55,9423211.5,11672337.66,12525280.8
screw_driver,27,52.0,2849212.41,3229562.27,9350562.51,11682351.83,12445248.08
screw_driver,27,52.05,2851939.38,3208460.02,9350393.96,11769311.81,12379733.98
screw_driver,27,52.1,2846955.33,3229974.49,9360835.83,11690581.42,12450574.06
screw_driver,27,52.15,2848527.34,3208531.0,9349602.6,11697882.47,12364916.48
screw_driver,27,52.2,2867611.33,3208156.26,9408579.45,11766488.8,12370621.29
screw_driver,27,52.25,2868886.24,3227303.72,9362899.85,11757469.73,12367043.17
screw_driver,27,52.3,2868272.75,3230648.53,9363509.85,11757663.86,12435035.68
screw_driver,27,52.35,2849922.57,3207428.41,9404853.29,11689799.03,12375425.89
screw_driver,27,52.4,2868904.4,3209383.18,9358866.75,11683990.73,12366371.07
screw_driver,27,52.45,2849813.43,3229067.9,9363881.53,11689297.24,12443617.8
screw_driver,27,52.5,2867532.77,3208113.03,9419287.98,11759960.59,12434792.3
screw_driver,27,52.55,2850457.92,3231577.96,9412185.23,11765888.69,12450321.97
screw_driver,27,52.6,2851234.81,3211690.16,9413797.25,11766915.68,12452343.79
screw_driver,27,52.65,2866952.11,3213450.97,9415625.08,11750380.89,12372216.23
screw_driver,27,52.7,2846541.84,3209633.12,9406997.8,11767425.69,12359968.67
screw_driver,27,52.75,2866263.2,3226884.38,9357920.77,11687614.28,12365853.93
screw_driver,27,52.8,2867592.0,3232450.02,9357765.29,11763288.3,12453504.15
screw_driver,27,52.85,2850396.3,3209277.33,9363996.18,11694497.2,12443009.19
screw_driver,27,52.9,2866173.21,3207929.92,9414484.64,11762542.4,12374483.91
screw_driver,27,52.95,2864239.81,3228629.18,9408491.65,11769175.54,12365744.31
screw_driver,27,53.0,2863971.22,3232984.49,9353022.6,11679045.77,12448962.53
screw_driver,27,53.05,2846827.42,3209194.67,9356409.22,11691075.28,12437252.55
screw_driver,27,53.1,2848180.19,3208913.73,9416298.91,11689013.57,12373530.11
screw_driver,27,53.15,2849986.09,3228785.47,9409561.36,11693646.76,12433526.91
screw_driver,27,53.2,2866476.11,3211980.96,9414140.53,11767787.3,12446488.89
screw_driver,27,53.25,2864568.48,3208795.78,9410868.25,11686908.24,12451727.82
screw_driver,27,53.3,2849343.61,3212627.64,9403019.3,11680673.58,12367663.38
screw_driver,27,53.35,2867062.93,3227476.74,9351780.04,11758145.27,12376976.64
screw_driver,27,53.4,2865454.15,3213047.23,9360936.05,11690594.8,12367515.73
screw_driver,27,53.45,2850663.07,3212454.18,9355516.85,11770164.22,12448463.65
screw_driver,27,53.5,2847731.54,3207604.81,9352010.43,11762490.82,12447212.44
screw_driver,27,53.55,2848963.14,3210238.71,9418215.18,11691265.29,12360957.37
screw_driver,27,53.6,2851279.65,3210102.25,9406074.37,11757813.33,12449598.04
screw_driver,27,53.65,2850491.51,3207678.61,9347414.19,11687998.78,12377585.91
screw_driver,27,53.7,2848704.59,3229052.79,9351936.87,11760024.72,12380088.22
screw_driver,27,53.75,2847381.7,3227446.4,9413318.51,11694465.86,12368428.23
screw_driver,27,53.8,2868301.48,3232642.95,9349282.16,11700048.33,12359545.79
screw_driver,27,53.85,2848430.9,3209531.25,9412625.81,11759110.52,12444486.35
screw_driver,27,53.9,2866269.47,3212522.31,9349377.27,11753864.8,12375386.93
screw_driver,27,53.95,2850809.04,3228991.64,9410198.4,11758230.41,12359450.48
screw_driver,28,54.0,2863473.59,3190697.78,9368476.25,11660377.73,12446075.2
screw_driver,28,54.05,2847529.73,3208443.73,9365455.05,11735426.3,12353155.5
screw_driver,28,54.1,2862631.49,3210481.09,9412697.9,11660154.81,12368503.39
screw_driver,28,54.15,2862033.19,3187460.88,9412849.09,11669330.98,12363161.25
screw_driver,28,54.2,2845187.76,3189459.13,9422102.48,11746654.5,12447072.45
screw_driver,28,54.25,2846886.68,3208698.18,9407261.15,11663989.56,12441151.62
screw_driver,28,54.3,2866004.06,3188889.9,9417260.18,11748944.29,12452373.07
screw_driver,28,54.35,2847710.4,3187776.35,9416813.53,11678783.72,12447929.72
screw_driver,28,54.4,2848624.38,3190321.21,9414590.59,11661139.14,12368534.5
screw_driver,28,54.45,2866008.94,3207205.07,9359439.71,11738608.08,12442915.29
screw_driver,28,54.5,2846848.99,3188786.6,9363769.36,11676264.82,12450544.86
screw_driver,28,54.55,2847490.57,3211682.26,9418813.33,11732679.18,12441141.69
screw_driver,28,54.6,2866119.83,3193264.41,9366896.62,11669333.95,12358640.48
screw_driver,28,54.65,2848789.9,3206680.55,9424440.37,11745095.21,12440399.08
screw_driver,28,54.7,2863870.89,3212873.09,9350187.3,11661596.52,12427900.36
screw_driver,28,54.75,2861828.43,3211168.3,9352041.35,11753173.9,12449731.56
screw_driver,28,54.8,2846213.86,3188598.48,9418195.03,11745107.92,12374586.21
screw_driver,28,54.85,2863233.32,3192399.49,9412573.73,11736315.2,12451113.05
screw_driver,28,54.9,2867384.47,3211778.73,9416790.32,11667305.58,12428807.45
screw_driver,28,54.95,2849912.88,3211977.59,9424999.21,11666509.06,12358799.06
screw_driver,28,55.0,2865589.43,3211858.56,9363192.86,11682054.38,12356302.13
screw_driver,28,55.05,2845598.65,3206858.87,9356488.38,11681628.43,12447356.33
screw_driver,28,55.1,2863769.75,3191073.83,9353554.18,11664040.59,12365913.45
screw_driver,28,55.15,2864649.94,3206856.95,9412811.98,11738396.59,12451885.95
screw_driver,28,55.2,2863728.04,3191411.03,9355860.18,11745830.32,12353748.79
screw_driver,28,55.25,2848198.36,3208540.33,9408109.37,11683078.57,12437282.8
screw_driver,28,55.3,2845269.75,3211060.93,9362898.27,11748727.82,12356875.43
screw_driver,28,55.35,2863962.05,3190270.41,9353374.05,11746172.86,12445383.13
screw_driver,28,55.4,2847558.81,3207537.12,9362725.81,11744368.67,12368255.31
screw_driver,28,55.45,2863518.57,3207813.77,9417408.92,11741644.98,12371906.23
screw_driver,28,55.5,2864594.79,3191441.38,9358102.96,11742497.39,12428214.92
screw_driver,28,55.55,2865092.7,3206915.78,9411537.91,11670637.15,12369916.43
screw_driver,28,55.6,2849755.12,3187644.58,9358504.9,11742423.12,12359057.8
screw_driver,28,55.65,2862170.29,3192728.8,9416747.33,11678535.89,12445029.83
screw_driver,28,55.7,2846778.79,3212218.72,9363191.87,11663635.86,12447196.62
screw_driver,28,55.75,2865715.61,3189390.42,9360058.1,11681588.76,12444052.28
screw_driver,28,55.8,2861954.1,3192574.87,9417425.85,11682874.07,12448788.31
screw_driver,28,55.85,2862542.59,3189787.18,9418595.11,11679217.27,12441190.64
screw_driver,28,55.9,2847122.61,3188862.91,9350050.91,11673425.08,12430482.88
screw_driver,28,55.95,2866789.12,3187588.65,9358146.67,11676482.92,12452146.03
screw_driver,29,56.0,2865497.51,3189808.8,9368927.73,11603749.86,12446718.05
screw_driver,29,56.05,2864587.86,3210574.68,9363599.04,11682012.55,12531931.63
screw_driver,29,56.1,2864283.11,3189566.08,9411118.56,11602683.28,12445810.51
screw_driver,29,56.15,2845862.02,3193048.61,9356288.47,11605370.65,12523715.88
screw_driver,29,56.2,2846083.1,3213042.51,9369548.5,11682853.11,12527822.13
screw_driver,29,56.25,2845066.73,3192493.63,9357398.19,11686858.24,12457458.72
screw_driver,29,56.3,2865315.03,3194001.82,9416711.5,11681495.02,12436665.03
screw_driver,29,56.35,2847701.74,3191368.26,9364786.18,11598430.44,12435672.01
screw_driver,29,56.4,2866402.82,3192429.71,9420303.29,11611090.03,12520019.78
screw_driver,29,56.45,2862096.08,3213681.92,9364273.45,11671313.62,12448335.43
screw_driver,29,56.5,2849353.31,3191627.9,9359194.7,11617289.27,12451145.52
screw_driver,29,56.55,2862794.61,3211669.25,9414237.03,11617867.19,12454876.73
screw_driver,29,56.6,2849589.97,3191245.53,9354858.53,11603790.89,12513459.84
screw_driver,29,56.65,2845121.64,3211361.51,9412674.71,11604692.68,12513661.09
screw_driver,29,56.7,2848222.3,3207524.5,9358464.59,11614431.15,12458182.89
screw_driver,29,56.75,2847012.48,3212140.04,9411558.82,11602485.32,12528566.14
screw_driver,29,56.8,2862893.39,3194388.45,9409449.01,11669523.81,12445825.95
screw_driver,29,56.85,2847847.4,3194032.8,9419851.22,11617614.78,12518705.03
screw_driver,29,56.9,2862194.99,3212653.65,9351972.87,11605553.61,12443816.29
screw_driver,29,56.95,2850361.64,3211703.06,9425961.57,11596031.04,12436642.44
screw_driver,29,57.0,2849612.02,3209503.48,9361556.29,11669795.69,12446989.94
screw_driver,29,57.05,2867344.37,3212623.32,9417245.86,11602871.65,12434614.04
screw_driver,29,57.1,2845298.13,3207767.21,9423886.32,11617252.65,12530547.77
screw_driver,29,57.15,2864549.63,3212185.61,9417826.44,11673388.6,12448006.35
screw_driver,29,57.2,2866473.26,3212720.2,9358121.02,11682423.52,12516272.14
screw_driver,29,57.25,2865370.39,3207900.77,9369666.66,11686428.02,12529492.28
screw_driver,29,57.3,2866303.64,3209832.07,9359255.05,11603075.84,12524498.92
screw_driver,29,57.35,2863800.28,3210475.12,9423624.75,11609007.92,12523068.5
screw_driver,29,57.4,2845031.98,3211609.65,9359439.97,11600434.67,12436668.5
screw_driver,29,57.45,2862686.8,3189510.38,9423202.34,11608201.89,12517763.94
screw_driver,29,57.5,2864152.16,3193199.59,9414691.43,11617800.87,12530136.77
screw_driver,29,57.55,2848110.88,3192890.96,9425463.49,11682233.15,12527960.77
screw_driver,29,57.6,2863184.22,3192007.97,9364535.85,11677596.52,12438661.34
screw_driver,29,57.65,2848979.98,3190272.66,9410507.52,11598598.88,12519339.72
screw_driver,29,57.7,2865787.81,3189665.1,9360820.11,11676163.8,12519615.27
screw_driver,29,57.75,2862971.25,3208177.7,9357766.51,11615334.87,12457610.25
screw_driver,29,57.8,2863296.24,3191137.0,9360151.93,11615066.77,12513524.37
screw_driver,29,57.85,2844720.84,3210275.26,9420491.98,11668396.66,12445839.21
screw_driver,29,57.9,2866044.24,3190517.36,9355463.79,11615440.43,12434102.6
screw_driver,29,57.95,2844976.83,3194286.05,9412181.83,11683904.49,12528188.02
screw_driver,30,58.0,2867113.85,3210206.62,9474647.29,11668585.63,12535609.87
screw_driver,30,58.05,2863067.92,3225168.5,9473734.34,11681221.08,12527176.22
screw_driver,30,58.1,2865953.28,3210471.81,9476089.87,11728920.06,12451254.39
screw_driver,30,58.15,2866802.29,3210712.85,9427599.01,11661498.4,12453729.6
screw_driver,30,58.2,2846104.63,3225705.52,9491147.72,11750916.61,12524795.31
screw_driver,30,58.25,2847233.2,3229490.56,9483437.79,11732474.56,12537775.56
screw_driver,30,58.3,2849956.39,3224439.9,9432978.59,11672521.38,12542258.06
screw_driver,30,58.35,2848407.45,3209787.87,9474490.91,11730515.82,12472753.34
screw_driver,30,58.4,2866019.47,3227659.33,9484597.96,11667956.08,12531117.21
screw_driver,30,58.45,2865223.96,3226862.85,9486971.46,11730813.38,12538305.47
screw_driver,30,58.5,2847470.43,3225785.63,9483471.73,11678928.09,12525242.97
screw_driver,30,58.55,2863152.31,3229452.12,9430548.02,11675899.62,12461031.88
screw_driver,30,58.6,2850650.48,3205700.36,9476830.62,11740040.02,12529721.11
screw_driver,30,58.65,2863947.33,3224426.51,9432175.55,11679385.86,12450194.9
screw_driver,30,58.7,2845461.55,3228750.81,9421555.11,11664300.3,12456630.9
screw_driver,30,58.75,2862519.18,3226695.52,9421402.93,11672459.03,12448601.02
screw_driver,30,58.8,2849876.33,3229550.79,9428608.91,11666165.93,12463419.13
screw_driver,30,58.85,2846111.86,3224075.68,9488587.64,11749187.71,12538622.72
screw_driver,30,58.9,2862782.91,3204600.89,9473226.79,11737522.54,12538896.8
screw_driver,30,58.95,2864649.18,3228055.21,9420560.02,11674547.68,12528191.59
screw_driver,30,59.0,2867200.39,3209188.98,9491086.56,11681627.13,12539363.02
screw_driver,30,59.05,2848775.97,3225958.87,9418573.89,11668850.94,12466420.64
screw_driver,30,59.1,2845375.87,3224720.34,9418824.99,11736445.4,12547125.08
screw_driver,30,59.15,2864973.84,3228546.51,9482193.4,11679395.74,12542261.59
screw_driver,30,59.2,2863207.28,3226753.74,9486732.31,11740890.79,12465056.93
screw_driver,30,59.25,2863367.89,3208679.21,9418143.08,11671133.06,12540754.1
screw_driver,30,59.3,2847702.15,3224633.43,9484642.17,11745524.04,12534214.86
screw_driver,30,59.35,2864845.45,3205248.21,9430823.96,11676909.52,12461231.03
screw_driver,30,59.4,2865438.99,3224521.49,9488427.39,11730173.26,12527697.0
screw_driver,30,59.45,2865077.49,3228789.68,9474367.01,11667032.57,12464769.06
screw_driver,30,59.5,2847100.32,3228670.49,9418778.6,11666034.24,12448911.22
screw_driver,30,59.55,2847180.86,3205173.12,9418546.98,11736540.1,12450212.63
screw_driver,30,59.6,2863914.31,3205298.97,9418398.02,11673526.32,12530373.27
screw_driver,30,59.65,2862333.76,3226862.51,9480877.69,11752278.87,12460204.66
screw_driver,30,59.7,2849879.65,3226657.04,9419081.5,11671770.91,12546354.07
screw_driver,30,59.75,2866277.38,3207032.61,9431718.77,11677294.38,12461647.66
screw_driver,30,59.8,2867746.41,3226603.93,9423776.37,11751620.74,12533691.11
screw_driver,30,59.85,2847806.87,3206364.98,9429939.02,11739395.57,12537882.4
screw_driver,30,59.9,2848615.54,3226116.61,9486941.22,11749688.88,12453009.95
screw_driver,30,59.95,2864078.75,3209864.68,9478239.22,11730783.31,12466971.71
